time,lon,lat,depth,mag
2014-01-01T10:10:46.000Z,95.088400,4.703900,48.00,4.46
2014-01-01T19:17:53.000Z,95.604300,4.574900,63.00,4.00
2014-01-01T21:11:35.000Z,97.205100,1.012000,25.00,5.00
2014-01-03T06:26:22.000Z,103.000000,-3.960000,88.00,3.00
2014-01-03T07:50:09.000Z,103.533500,-5.971800,38.00,4.30
2014-01-03T07:50:29.000Z,103.603600,-5.828400,38.00,4.40
2014-01-03T07:51:18.000Z,103.521600,-5.737000,47.00,4.40
2014-01-03T08:20:44.000Z,103.333300,-5.257800,49.00,4.64
2014-01-03T09:16:57.000Z,103.565400,-6.206100,38.00,3.90
2014-01-03T14:17:46.000Z,103.438200,-5.881000,23.60,5.24
2014-01-03T16:48:38.000Z,104.870000,-5.180000,94.00,3.40
2014-01-03T17:23:39.000Z,100.155700,-4.474500,0.00,4.34
2014-01-04T09:35:19.000Z,97.076300,1.317200,28.00,3.10
2014-01-07T18:06:12.000Z,98.439800,0.544000,43.00,5.12
2014-01-07T20:59:43.000Z,95.962700,3.808400,50.00,4.53
2014-01-10T16:24:59.000Z,102.600000,-5.200000,11.00,3.10
2014-01-16T00:16:01.000Z,102.830000,-5.310000,34.00,3.10
2014-01-23T07:29:19.000Z,95.069000,5.287000,84.00,4.10
2014-01-24T14:36:23.000Z,95.184300,4.544300,48.00,5.18
2014-01-25T05:14:20.000Z,109.222500,-8.044600,87.80,6.20
2014-01-27T12:11:09.000Z,103.057100,-5.158600,35.00,3.60
2014-01-28T00:49:58.000Z,99.650000,-1.820000,10.00,3.10
2014-01-28T08:39:30.000Z,98.980000,2.000000,117.00,3.30
2014-01-29T13:08:14.000Z,97.560000,3.640000,114.00,3.10
2014-01-29T21:39:37.000Z,100.651300,-4.570500,0.50,4.82
2014-01-31T19:19:45.000Z,95.757200,2.516900,25.00,3.70
2014-02-01T05:03:37.000Z,99.422700,-3.653700,0.00,4.02
2014-02-02T18:03:29.000Z,101.645800,-4.689800,10.00,4.46
2014-02-04T17:40:57.000Z,102.030000,-4.530000,26.00,3.40
2014-02-07T07:23:12.000Z,99.322100,-2.410700,0.00,3.72
2014-02-10T18:11:33.000Z,94.958200,4.389800,48.00,4.20
2014-02-11T10:44:26.000Z,99.432500,-1.539300,10.00,4.20
2014-02-12T13:15:49.000Z,102.690000,-5.290000,14.00,3.00
2014-02-12T16:26:46.000Z,101.607500,-3.409300,57.20,4.46
2014-02-12T20:18:40.000Z,99.062100,2.393100,150.00,4.70
2014-02-15T00:05:36.000Z,102.550000,-4.660000,25.00,3.60
2014-02-16T12:40:08.000Z,101.772600,-4.953400,0.00,3.42
2014-02-16T21:47:16.000Z,96.455900,2.880000,33.00,3.00
2014-02-17T23:29:56.000Z,103.650000,-5.960000,11.00,3.30
2014-02-17T23:49:33.000Z,101.784700,-4.323700,30.00,4.28
2014-02-18T14:59:38.000Z,97.553900,0.343200,29.00,4.40
2014-02-19T18:08:39.000Z,100.174400,-1.697900,33.00,3.60
2014-02-21T05:59:00.000Z,98.960000,2.620000,144.00,3.50
2014-02-22T07:49:53.000Z,97.230000,0.700000,22.00,3.20
2014-02-22T12:43:21.000Z,99.210600,2.525100,150.00,3.92
2014-02-22T17:27:58.000Z,97.193300,1.106600,25.00,5.54
2014-02-23T01:07:02.000Z,97.242900,0.425100,0.00,4.58
2014-02-25T12:08:37.000Z,98.463400,-0.620500,26.00,4.58
2014-02-25T16:44:16.000Z,102.270000,-5.088800,10.00,3.50
2014-02-26T07:11:51.000Z,96.239900,2.331300,25.10,3.40
2014-02-27T13:49:27.000Z,99.512400,-2.523600,32.00,4.10
2014-02-27T15:38:52.000Z,99.039700,2.098300,124.60,3.52
2014-03-02T12:35:52.000Z,95.095000,4.539900,61.40,5.18
2014-03-05T03:11:09.000Z,98.715800,1.030300,77.50,4.70
2014-03-06T10:07:58.000Z,103.500000,-5.680000,17.00,3.40
2014-03-06T11:50:49.000Z,99.085100,2.168000,123.30,3.92
2014-03-08T08:50:53.000Z,102.589200,-5.935100,21.00,4.53
2014-03-11T17:44:32.000Z,102.664600,-5.834200,35.00,3.90
2014-03-12T12:48:45.000Z,96.670200,2.380900,30.00,3.70
2014-03-15T04:09:38.000Z,98.215600,0.479900,29.00,4.46
2014-03-15T09:43:25.000Z,100.362900,-4.048000,27.00,5.60
2014-03-15T17:30:19.000Z,102.380600,-4.029800,65.00,4.10
2014-03-18T02:52:14.000Z,102.800000,-5.830000,25.00,3.40
2014-03-18T18:51:02.000Z,102.760000,-4.580000,39.00,3.60
2014-03-19T07:36:03.000Z,97.076100,1.743000,28.00,4.52
2014-03-19T19:22:56.000Z,97.100000,2.790000,63.00,3.30
2014-03-20T02:30:07.000Z,96.897400,4.560500,150.00,3.30
2014-03-23T23:56:45.000Z,102.526000,-4.194700,65.00,4.46
2014-03-24T01:32:55.000Z,95.897400,3.946700,39.90,4.58
2014-03-24T02:46:46.000Z,97.516700,0.050000,0.00,3.72
2014-03-24T05:28:51.000Z,99.280000,2.660000,172.00,3.40
2014-03-24T09:41:35.000Z,102.260000,-3.620000,65.00,3.00
2014-03-27T11:47:59.000Z,96.920000,1.850000,30.00,3.20
2014-03-28T13:16:57.000Z,99.047400,1.239500,100.00,4.64
2014-03-28T23:48:24.000Z,102.403700,-5.445000,34.00,4.34
2014-03-29T06:35:30.000Z,102.980000,-4.980000,24.00,3.20
2014-03-31T04:12:00.000Z,100.353000,-1.986000,56.00,5.36
2014-04-01T22:12:39.000Z,95.146400,4.947700,50.00,4.10
2014-04-03T09:30:22.000Z,102.166700,-5.321000,29.00,5.90
2014-04-03T15:05:52.000Z,96.541800,2.377900,33.40,4.52
2014-04-06T05:30:05.000Z,98.921100,1.367700,101.40,3.50
2014-04-07T02:58:35.000Z,103.113300,-5.018600,59.00,3.90
2014-04-07T04:31:29.000Z,103.270000,-5.340000,31.00,3.10
2014-04-07T22:02:35.000Z,102.931900,-4.773200,59.00,4.00
2014-04-09T16:43:14.000Z,95.973400,3.139500,31.00,4.52
2014-04-11T17:31:49.000Z,96.080000,2.470000,25.00,3.20
2014-04-13T05:48:06.000Z,95.612900,2.653000,25.00,3.90
2014-04-13T20:40:11.000Z,95.607900,3.646200,38.00,3.80
2014-04-14T16:16:21.000Z,96.782800,3.953900,91.40,4.34
2014-04-15T00:23:15.000Z,96.585600,1.573900,0.00,4.00
2014-04-15T15:12:23.000Z,97.687700,0.117700,25.00,3.70
2014-04-16T12:07:56.000Z,99.790000,-1.800000,10.00,3.40
2014-04-17T21:20:50.000Z,98.510000,0.380000,40.00,3.30
2014-04-19T15:12:43.000Z,99.089200,2.445300,150.00,3.40
2014-04-20T08:43:50.000Z,98.321000,0.574800,37.30,5.20
2014-04-23T10:32:28.000Z,102.822900,-5.340100,38.00,4.30
2014-04-24T18:58:19.000Z,97.115700,1.271000,28.00,3.90
2014-04-25T05:56:18.000Z,96.710000,1.260000,10.00,3.00
2014-04-27T15:42:17.000Z,97.033900,1.220900,30.00,3.30
2014-04-28T10:54:52.000Z,99.190000,-0.610000,49.00,3.10
2014-04-30T06:17:53.000Z,96.650000,2.010000,24.00,3.50
2014-04-30T21:54:36.000Z,98.540000,0.270000,25.00,3.10
2014-05-01T14:35:38.000Z,97.954900,1.965600,50.30,5.90
2014-05-02T03:59:24.000Z,96.000000,2.600000,14.00,3.80
2014-05-02T05:41:35.000Z,103.853900,-5.978700,42.00,4.73
2014-05-02T18:32:27.000Z,96.138600,2.096300,27.00,3.90
2014-05-05T15:06:27.000Z,96.225300,2.053200,27.00,4.46
2014-05-06T16:33:40.000Z,98.848300,-1.043700,35.00,5.00
2014-05-09T11:05:50.000Z,103.220000,-5.390000,15.00,3.70
2014-05-09T16:40:55.000Z,97.010000,1.650000,22.00,3.00
2014-05-10T14:11:12.000Z,101.180000,-2.650000,71.00,3.00
2014-05-10T19:15:44.000Z,95.907100,2.462300,25.00,4.40
2014-05-11T04:35:29.000Z,95.686100,3.816200,35.00,3.10
2014-05-11T13:03:27.000Z,102.090000,-2.300000,140.00,3.30
2014-05-12T15:35:06.000Z,102.746300,-5.007700,54.00,3.40
2014-05-13T02:14:44.000Z,100.260000,-2.790000,28.00,3.60
2014-05-13T15:34:45.000Z,102.892500,-4.857600,59.00,4.50
2014-05-17T09:25:27.000Z,99.352800,-1.343800,30.00,4.10
2014-05-18T21:29:56.000Z,99.540000,-1.960000,31.00,3.10
2014-05-19T05:54:56.000Z,102.610000,-5.270000,10.00,3.40
2014-05-19T18:01:53.000Z,100.890000,-3.040000,17.00,3.00
2014-05-22T14:27:51.000Z,98.010000,1.200000,27.00,3.20
2014-05-22T19:59:59.000Z,96.463600,2.097700,38.50,5.30
2014-05-22T20:48:06.000Z,102.995300,-4.976300,59.00,4.40
2014-05-23T01:45:17.000Z,102.540000,-5.380000,25.00,3.60
2014-05-26T04:23:18.000Z,97.014700,1.347800,28.00,4.76
2014-05-26T09:24:09.000Z,98.950000,1.970000,106.00,3.30
2014-05-26T12:22:59.000Z,95.851200,2.553800,25.00,4.88
2014-05-27T13:58:34.000Z,96.867900,1.762700,28.00,4.34
2014-05-29T23:30:32.000Z,103.480900,-5.945400,16.60,4.40
2014-05-31T14:10:01.000Z,95.785800,4.005100,50.00,3.80
2014-06-01T11:16:37.000Z,102.552300,-4.504200,63.20,5.06
2014-06-01T18:31:43.000Z,96.162700,2.156600,27.00,4.64
2014-06-02T01:55:36.000Z,97.104700,-0.805100,10.00,4.34
2014-06-02T08:19:33.000Z,103.644400,-6.160600,38.00,5.42
2014-06-03T06:50:39.000Z,100.000000,0.630000,160.00,3.50
2014-06-07T16:23:59.000Z,103.430000,-5.820000,16.00,3.00
2014-06-07T18:34:40.000Z,96.508100,0.472400,20.00,4.40
2014-06-08T02:15:58.000Z,102.910000,-5.060000,53.00,3.50
2014-06-14T16:18:40.000Z,96.139800,2.307200,25.00,4.40
2014-06-15T13:48:02.000Z,99.560000,-1.480000,11.00,3.10
2014-06-16T05:16:32.000Z,99.825800,-1.943600,34.00,4.70
2014-06-16T10:52:25.000Z,100.024300,-4.740600,0.00,3.82
2014-06-16T11:46:20.000Z,99.754700,-1.092700,57.00,3.70
2014-06-17T16:04:41.000Z,97.067400,1.178100,23.10,5.24
2014-06-18T13:17:39.000Z,100.606700,-2.561400,50.00,3.80
2014-06-19T17:44:18.000Z,100.766800,-2.237600,35.00,3.90
2014-06-19T19:54:06.000Z,97.402900,-0.245700,25.00,3.90
2014-06-21T02:58:07.000Z,102.695700,-4.636600,56.00,4.58
2014-06-22T01:03:27.000Z,100.695700,-3.487600,32.00,4.70
2014-06-22T02:59:15.000Z,98.505300,0.145600,48.00,4.58
2014-06-25T12:58:33.000Z,96.851000,1.712900,28.00,4.40
2014-06-29T02:32:36.000Z,96.738700,1.973300,28.00,4.58
2014-06-30T21:58:55.000Z,99.255400,-1.919000,30.00,5.24
2014-07-01T14:24:40.000Z,97.370900,1.013000,0.00,3.72
2014-07-03T04:36:29.000Z,102.555700,-4.484400,61.10,4.00
2014-07-03T15:10:33.000Z,102.937200,-5.908000,33.00,4.40
2014-07-05T09:39:30.000Z,96.960300,1.976200,33.90,6.10
2014-07-05T09:58:46.000Z,96.957400,0.250600,0.00,3.40
2014-07-06T05:24:14.000Z,99.616000,-1.968100,35.00,4.10
2014-07-06T16:20:09.000Z,96.186500,2.038100,27.00,4.52
2014-07-09T01:22:48.000Z,100.391500,-1.839100,56.00,4.46
2014-07-11T04:24:46.000Z,102.649800,-4.633700,56.00,4.40
2014-07-12T13:19:39.000Z,99.204900,1.139600,86.00,4.02
2014-07-12T20:57:29.000Z,100.293300,-1.703500,58.00,4.00
2014-07-13T15:07:01.000Z,100.025100,-2.227300,42.10,5.12
2014-07-14T20:51:56.000Z,96.704300,1.462500,0.00,3.82
2014-07-16T02:17:30.000Z,99.024900,2.371300,145.00,4.30
2014-07-18T03:36:20.000Z,99.050000,2.640000,148.00,3.50
2014-07-19T03:19:20.000Z,102.790000,-4.940000,24.00,3.80
2014-07-22T20:53:19.000Z,101.627900,-4.758500,32.00,4.30
2014-07-26T16:15:41.000Z,102.424600,-5.455800,34.00,4.00
2014-07-27T02:30:54.000Z,102.626000,-4.656400,56.00,3.70
2014-07-27T08:04:34.000Z,99.051900,1.973800,131.60,3.70
2014-07-29T20:51:30.000Z,99.694400,1.545000,166.00,4.43
2014-07-30T03:26:33.000Z,98.960000,1.400000,80.00,3.20
2014-07-31T10:12:01.000Z,103.340000,-4.850000,54.00,3.10
2014-08-01T21:25:23.000Z,101.221100,-3.142200,58.90,5.12
2014-08-02T02:16:50.000Z,97.021000,0.833300,25.00,3.50
2014-08-02T07:57:08.000Z,97.614600,0.214100,25.00,4.60
2014-08-03T21:48:26.000Z,102.810000,-4.760000,29.00,3.00
2014-08-04T02:24:15.000Z,101.877600,-3.739800,71.00,3.80
2014-08-04T10:36:10.000Z,94.644600,5.402800,60.10,5.20
2014-08-04T12:09:46.000Z,98.597800,0.122700,48.00,5.12
2014-08-05T22:17:21.000Z,100.520000,-3.140000,10.00,3.50
2014-08-07T19:26:01.000Z,96.218100,3.473700,50.00,4.58
2014-08-08T16:57:00.000Z,99.030800,2.352300,150.00,4.50
2014-08-13T06:12:01.000Z,98.960000,1.440000,103.00,3.00
2014-08-13T10:10:58.000Z,96.263200,2.769500,35.00,3.60
2014-08-15T05:14:06.000Z,95.428600,2.593400,25.00,3.50
2014-08-15T20:48:48.000Z,96.376800,2.221200,28.00,4.88
2014-08-16T03:10:09.000Z,98.133100,-0.388500,27.00,5.00
2014-08-17T16:08:30.000Z,96.890800,1.464400,28.00,3.80
2014-08-18T21:39:37.000Z,102.300000,-3.760000,60.00,3.50
2014-08-19T00:48:47.000Z,100.250000,0.340000,163.00,3.50
2014-08-24T02:14:25.000Z,104.712700,-5.189500,100.00,3.70
2014-08-25T10:31:31.000Z,103.000500,-5.776300,33.00,4.58
2014-08-27T22:09:40.000Z,97.742900,0.763700,23.40,4.58
2014-08-29T09:41:18.000Z,100.385400,-2.250800,35.00,3.50
2014-08-30T17:43:44.000Z,99.130400,-0.519200,63.00,3.90
2014-08-30T21:06:36.000Z,101.840000,-2.500000,118.00,3.40
2014-08-31T17:56:32.000Z,96.403400,3.297400,25.00,4.20
2014-09-02T20:55:23.000Z,95.471300,4.511300,63.00,4.20
2014-09-04T01:27:16.000Z,99.770000,-3.550000,20.00,3.30
2014-09-04T07:28:46.000Z,99.020700,1.888900,127.80,3.80
2014-09-05T11:20:00.000Z,98.912500,1.626500,100.00,4.00
2014-09-07T07:45:30.000Z,100.037300,-4.462000,10.00,4.82
2014-09-07T13:31:37.000Z,96.643600,2.788900,35.00,3.60
2014-09-14T04:52:26.000Z,97.238400,1.084800,32.30,5.50
2014-09-14T10:28:19.000Z,97.990000,1.170000,46.00,3.50
2014-09-14T12:43:02.000Z,100.771300,-4.207200,10.00,4.82
2014-09-14T13:35:03.000Z,100.402600,-1.895000,56.00,4.00
2014-09-17T02:29:51.000Z,102.551300,-4.598600,58.40,5.24
2014-09-17T16:35:25.000Z,95.181000,4.065700,37.00,3.90
2014-09-21T17:03:22.000Z,102.162600,-4.233000,58.00,3.60
2014-09-22T14:44:12.000Z,98.499800,-0.711300,32.00,5.12
2014-09-24T12:06:07.000Z,95.685600,4.255000,63.00,5.24
2014-09-25T22:48:53.000Z,96.150900,2.978200,31.00,4.46
2014-09-26T13:17:06.000Z,97.036300,1.361400,28.00,4.40
2014-09-26T22:11:47.000Z,102.320600,-4.056000,65.00,4.34
2014-09-27T02:49:00.000Z,102.171200,-4.719600,50.00,4.58
2014-09-27T14:39:26.000Z,104.622800,-6.243000,58.70,4.90
2014-09-27T16:50:34.000Z,103.790000,-5.150000,60.00,3.10
2014-09-30T10:53:16.000Z,99.383300,-1.870600,0.00,3.72
2014-09-30T18:56:47.000Z,98.450000,0.570000,40.00,3.00
2014-10-01T12:28:14.000Z,95.821800,3.011700,10.00,3.30
2014-10-03T02:37:00.000Z,103.186000,-6.046900,35.00,4.20
2014-10-04T07:11:41.000Z,103.650000,-5.200000,49.00,3.10
2014-10-05T12:05:11.000Z,98.683200,0.696400,75.50,4.30
2014-10-06T19:21:41.000Z,95.038300,4.338300,35.00,4.40
2014-10-10T03:44:06.000Z,102.612600,-5.527500,34.00,4.40
2014-10-11T02:00:01.000Z,94.944100,4.579100,48.00,3.00
2014-10-12T10:59:19.000Z,99.314300,-2.240500,30.00,4.58
2014-10-13T09:23:06.000Z,96.179900,2.272900,25.00,4.64
2014-10-14T14:12:31.000Z,98.015300,0.684400,35.00,3.00
2014-10-16T10:53:28.000Z,97.920000,3.570000,133.00,3.70
2014-10-17T09:37:40.000Z,98.264800,0.605800,43.00,4.52
2014-10-18T07:28:01.000Z,98.530400,0.286200,43.00,3.90
2014-10-18T22:13:03.000Z,95.707000,2.483400,25.00,4.46
2014-10-20T14:07:47.000Z,104.220000,-5.810000,39.00,3.30
2014-10-20T14:26:09.000Z,101.361700,-3.532800,50.00,4.52
2014-10-21T06:30:43.000Z,100.865100,-4.506500,30.30,4.76
2014-10-25T04:04:12.000Z,98.421800,-0.034000,17.20,4.34
2014-10-26T13:57:34.000Z,98.645400,0.257100,43.00,4.40
2014-10-30T00:02:27.000Z,97.874500,2.018600,55.40,5.00
2014-11-02T13:21:15.000Z,102.086100,-4.441700,35.00,4.58
2014-11-02T22:55:51.000Z,96.953600,0.697200,10.00,4.34
2014-11-03T17:40:39.000Z,95.788700,3.834300,50.00,3.80
2014-11-04T14:27:54.000Z,99.032700,2.498700,150.00,4.52
2014-11-05T16:22:59.000Z,97.718300,2.126000,35.00,3.50
2014-11-07T00:20:48.000Z,95.058700,4.836900,51.50,5.60
2014-11-08T15:11:36.000Z,96.551000,2.045900,12.70,3.10
2014-11-09T21:40:55.000Z,99.150000,0.420000,56.00,3.40
2014-11-10T02:35:52.000Z,101.767700,-3.892300,58.00,5.12
2014-11-12T12:41:05.000Z,97.163200,1.067600,25.00,4.00
2014-11-12T23:22:41.000Z,100.970000,-3.080000,19.00,3.70
2014-11-13T11:31:31.000Z,98.531700,0.107400,48.00,4.50
2014-11-15T15:47:26.000Z,97.386200,2.830900,60.00,3.60
2014-11-16T01:05:48.000Z,96.292900,1.977600,28.00,4.70
2014-11-16T11:06:09.000Z,97.903000,1.647000,46.20,5.40
2014-11-18T17:53:10.000Z,101.813500,-5.520600,29.00,4.64
2014-11-19T04:16:00.000Z,96.995000,1.278900,28.00,4.40
2014-11-19T06:49:57.000Z,99.980000,0.500000,151.00,3.50
2014-11-22T05:29:46.000Z,98.617700,-0.726500,32.00,4.40
2014-11-23T08:23:16.000Z,102.697300,-4.580400,64.80,4.40
2014-11-24T15:30:08.000Z,96.147000,2.792600,43.90,5.00
2014-11-24T18:29:45.000Z,103.050000,-4.970000,24.00,3.40
2014-11-25T00:29:10.000Z,99.040000,0.680000,61.00,3.10
2014-11-25T14:16:44.000Z,100.937200,-3.234000,46.00,4.70
2014-11-26T13:05:31.000Z,96.271200,3.108600,35.00,3.40
2014-11-27T00:35:38.000Z,99.297400,-1.602800,10.00,5.24
2014-11-29T09:07:23.000Z,96.967900,1.048500,25.00,3.40
2014-11-29T21:20:26.000Z,96.344300,2.238900,0.00,4.10
2014-11-29T22:14:43.000Z,96.919200,-0.426400,10.00,4.10
2014-11-30T09:54:43.000Z,98.727400,0.264100,43.00,3.60
2014-12-01T23:54:56.000Z,100.135200,-1.833400,50.00,4.40
2014-12-02T03:40:09.000Z,101.613200,-4.829900,10.00,3.70
2014-12-02T09:49:09.000Z,97.358400,-0.175700,25.00,5.36
2014-12-03T12:50:14.000Z,102.558700,-6.096300,21.00,3.90
2014-12-06T03:53:31.000Z,100.590000,-2.317900,50.00,4.28
2014-12-08T00:48:10.000Z,97.006400,0.817300,0.00,3.62
2014-12-08T15:45:38.000Z,100.737100,-2.327500,50.00,4.00
2014-12-08T19:18:19.000Z,97.142400,1.157000,35.00,4.52
2014-12-09T02:34:28.000Z,97.521300,0.260400,0.00,4.76
2014-12-09T21:10:21.000Z,102.896300,-5.022800,58.40,4.20
2014-12-12T00:41:26.000Z,101.013900,-3.682200,35.00,4.64
2014-12-14T21:04:28.000Z,98.535700,0.442700,35.00,3.20
2014-12-15T12:30:31.000Z,97.524300,1.450000,30.00,4.00
2014-12-15T12:37:09.000Z,97.780100,3.654800,133.30,4.70
2014-12-17T06:10:08.000Z,100.216700,-3.776400,21.50,6.10
2014-12-17T15:24:31.000Z,95.733100,2.719700,27.10,5.20
2014-12-19T14:31:48.000Z,98.832000,-1.134800,0.00,3.82
2014-12-22T00:32:00.000Z,102.097000,-4.545900,37.00,3.80
2014-12-22T08:16:50.000Z,103.695400,-5.909200,30.60,4.50
2014-12-22T15:53:47.000Z,99.549300,1.724400,166.00,3.60
2014-12-24T03:27:01.000Z,102.873100,-4.846800,59.00,3.80
2014-12-24T10:07:31.000Z,96.947000,1.002200,25.00,4.34
2014-12-26T23:33:18.000Z,95.880200,3.812100,50.00,3.50
2014-12-28T07:26:48.000Z,99.483200,-0.784800,65.90,4.40
2014-12-28T08:59:07.000Z,96.974800,2.066300,43.40,3.40
2014-12-30T16:43:18.000Z,96.079100,2.705900,41.60,3.80
