lon,lat,val,n_events,radius_km
94.79999999999995,4.699999999999985,0.5281619463368518,10,50
94.89999999999995,4.599999999999985,0.5281619463368518,10,50
94.89999999999995,4.699999999999985,0.5281619463368518,10,50
94.99999999999994,4.399999999999986,-0.09871643361599734,10,50
94.99999999999994,4.599999999999985,0.5281619463368518,10,50
94.99999999999994,4.699999999999985,0.5281619463368518,10,50
95.09999999999994,4.399999999999986,-0.3541678526103573,11,50
95.09999999999994,4.499999999999986,-0.3541678526103573,11,50
95.09999999999994,4.599999999999985,0.2605955718121772,11,50
95.09999999999994,4.699999999999985,0.2605955718121772,11,50
95.19999999999993,4.399999999999986,0.2605955718121772,11,50
95.19999999999993,4.499999999999986,0.009599017898419607,12,50
95.19999999999993,4.599999999999985,0.5785724240490533,12,50
95.19999999999993,4.699999999999985,0.5785724240490533,12,50
95.29999999999993,4.399999999999986,0.2605955718121772,11,50
95.29999999999993,4.499999999999986,0.2605955718121772,11,50
95.29999999999993,4.599999999999985,0.5785724240490533,12,50
95.29999999999993,4.699999999999985,0.2605955718121772,11,50
95.29999999999993,4.799999999999985,0.5281619463368518,10,50
95.39999999999992,4.599999999999985,0.5281619463368518,10,50
95.59999999999991,2.3999999999999857,1.1155784124188388,10,50
95.59999999999991,2.499999999999986,1.1155784124188388,10,50
95.59999999999991,2.599999999999986,1.1155784124188388,10,50
95.59999999999991,2.699999999999986,0.8387533225039012,11,50
95.59999999999991,2.799999999999986,0.5281619463368518,10,50
95.59999999999991,2.899999999999986,0.5281619463368518,10,50
95.6999999999999,2.2999999999999856,1.1175509044399279,12,50
95.6999999999999,2.3999999999999857,1.1175509044399279,12,50
95.6999999999999,2.499999999999986,1.1175509044399279,12,50
95.6999999999999,2.599999999999986,0.864765959247798,13,50
95.6999999999999,2.699999999999986,0.864765959247798,13,50
95.6999999999999,2.799999999999986,0.6249296425851988,14,50
95.6999999999999,2.899999999999986,0.5785724240490533,12,50
95.7999999999999,2.1999999999999855,1.3713992339087346,13,50
95.7999999999999,2.2999999999999856,1.589873517276064,16,50
95.7999999999999,2.3999999999999857,0.9189093223165492,17,50
95.7999999999999,2.499999999999986,0.39667041973177,15,50
95.7999999999999,2.599999999999986,0.39667041973177,15,50
95.7999999999999,2.699999999999986,0.39667041973177,15,50
95.7999999999999,2.799999999999986,0.6680778895408305,16,50
95.7999999999999,2.899999999999986,0.33298802593829363,13,50
95.7999999999999,2.9999999999999862,0.2605955718121772,11,50
95.89999999999989,2.0999999999999854,0.6249296425851988,14,50
95.89999999999989,2.1999999999999855,1.1378688146688274,16,50
95.89999999999989,2.2999999999999856,0.7086036090826777,18,50
95.89999999999989,2.3999999999999857,1.152488910145362,18,50
95.89999999999989,2.499999999999986,0.9189093223165492,17,50
95.89999999999989,2.599999999999986,0.24840812184687605,18,50
95.89999999999989,2.699999999999986,0.45392861779747573,17,50
95.89999999999989,2.799999999999986,0.6680778895408305,16,50
95.89999999999989,2.899999999999986,0.39667041973177,15,50
95.89999999999989,2.9999999999999862,-1.0111966704334343,11,50
95.99999999999989,1.9999999999999856,-0.5934294879094235,12,50
95.99999999999989,2.0999999999999854,0.10030331767171544,14,50
95.99999999999989,2.1999999999999855,0.7086036090826777,18,50
95.99999999999989,2.2999999999999856,0.5062344597875541,19,50
95.99999999999989,2.3999999999999857,0.12284597390199481,21,50
95.99999999999989,2.499999999999986,0.3111689608382692,20,50
95.99999999999989,2.599999999999986,0.05077913556182089,19,50
95.99999999999989,2.699999999999986,0.5062344597875541,19,50
95.99999999999989,2.799999999999986,0.17882065202861522,16,50
95.99999999999989,2.899999999999986,-0.22696100194200072,13,50
95.99999999999989,2.9999999999999862,-1.498781540496236,10,50
96.09999999999988,1.8999999999999855,-0.3541678526103573,11,50
96.09999999999988,1.9999999999999856,-0.22696100194200072,13,50
96.09999999999988,2.0999999999999854,0.39667041973177,15,50
96.09999999999988,2.1999999999999855,0.9189093223165492,17,50
96.09999999999988,2.2999999999999856,0.972932429416064,21,50
96.09999999999988,2.3999999999999857,0.3685377919511528,22,50
96.09999999999988,2.499999999999986,-0.13960611924884675,20,50
96.09999999999988,2.599999999999986,-0.42163080228597916,19,50
96.09999999999988,2.699999999999986,-0.42163080228597916,19,50
96.09999999999988,2.799999999999986,0.39667041973177,15,50
96.09999999999988,2.899999999999986,-0.22696100194200072,13,50
96.09999999999988,2.9999999999999862,-1.0111966704334343,11,50
96.09999999999988,3.0999999999999863,-1.498781540496236,10,50
96.19999999999987,1.7999999999999854,0.5281619463368518,10,50
96.19999999999987,1.8999999999999855,-0.66347433740918,15,50
96.19999999999987,1.9999999999999856,-0.8660982548579909,16,50
96.19999999999987,2.0999999999999854,-0.02962137199348896,17,50
96.19999999999987,2.1999999999999855,0.5062344597875541,19,50
96.19999999999987,2.2999999999999856,0.7469337876389466,20,50
96.19999999999987,2.3999999999999857,0.554592737469198,21,50
96.19999999999987,2.499999999999986,0.9460500592451722,19,50
96.19999999999987,2.599999999999986,0.05077913556182089,19,50
96.19999999999987,2.699999999999986,-0.120902445793261,15,50
96.19999999999987,2.799999999999986,0.10030331767171544,14,50
96.19999999999987,2.899999999999986,-0.3541678526103573,11,50
96.19999999999987,2.9999999999999862,-0.7716006942791162,10,50
96.19999999999987,3.0999999999999863,-1.498781540496236,10,50
96.29999999999987,1.7999999999999854,-0.120902445793261,15,50
96.29999999999987,1.8999999999999855,-0.42163080228597916,19,50
96.29999999999987,1.9999999999999856,-0.7850334228303724,21,50
96.29999999999987,2.0999999999999854,-0.32331966334366347,21,50
96.29999999999987,2.1999999999999855,-0.05923417160162371,22,50
96.29999999999987,2.2999999999999856,0.554592737469198,21,50
96.29999999999987,2.3999999999999857,0.1883302153413887,23,50
96.29999999999987,2.499999999999986,0.554592737469198,21,50
96.29999999999987,2.599999999999986,-0.22952104705710513,18,50
96.29999999999987,2.699999999999986,-0.4508346113128944,14,50
96.29999999999987,2.899999999999986,-0.7716006942791162,10,50
96.39999999999986,1.6999999999999853,-0.8186814090059483,13,50
96.39999999999986,1.7999999999999854,-0.5335027891785521,17,50
96.39999999999986,1.8999999999999855,-0.912480970758244,19,50
96.39999999999986,1.9999999999999856,-0.7850334228303724,21,50
96.39999999999986,2.0999999999999854,-0.5008689805181227,22,50
96.39999999999986,2.1999999999999855,-0.23551821903379255,23,50
96.39999999999986,2.2999999999999856,-0.05923417160162371,22,50
96.39999999999986,2.3999999999999857,-0.05923417160162371,22,50
96.39999999999986,2.499999999999986,0.05077913556182089,19,50
96.39999999999986,2.599999999999986,-0.5335027891785521,17,50
96.39999999999986,2.699999999999986,0.33298802593829363,13,50
96.49999999999986,1.5999999999999852,-1.426568385514893,16,50
96.49999999999986,1.6999999999999853,-0.5335027891785521,17,50
96.49999999999986,1.7999999999999854,-0.912480970758244,19,50
96.49999999999986,1.8999999999999855,-0.5008689805181227,22,50
96.49999999999986,1.9999999999999856,0.4215359921461105,24,50
96.49999999999986,2.0999999999999854,-0.6727062551816491,23,50
96.49999999999986,2.1999999999999855,-0.5008689805181227,22,50
96.49999999999986,2.2999999999999856,-0.5008689805181227,22,50
96.49999999999986,2.3999999999999857,-0.13960611924884675,20,50
96.49999999999986,2.499999999999986,-0.120902445793261,15,50
96.49999999999986,2.599999999999986,-0.22696100194200072,13,50
96.59999999999985,1.1999999999999849,-1.0316928807917014,14,50
96.59999999999985,1.299999999999985,-0.5934294879094235,12,50
96.59999999999985,1.399999999999985,-1.2354444620916498,12,50
96.59999999999985,1.4999999999999851,-0.22696100194200072,13,50
96.59999999999985,1.5999999999999852,-0.912480970758244,19,50
96.59999999999985,1.6999999999999853,-1.0912081665860223,20,50
96.59999999999985,1.7999999999999854,-1.4300480455534796,22,50
96.59999999999985,1.8999999999999855,-1.7471823138487443,24,50
96.59999999999985,1.9999999999999856,-1.000821595544049,25,50
96.59999999999985,2.0999999999999854,-0.40640710673860714,24,50
96.59999999999985,2.1999999999999855,-0.7850334228303724,21,50
96.59999999999985,2.2999999999999856,-0.912480970758244,19,50
96.59999999999985,2.3999999999999857,-0.8660982548579909,16,50
96.59999999999985,2.499999999999986,0.2605955718121772,11,50
96.69999999999985,0.8999999999999847,-0.8186814090059483,13,50
96.69999999999985,0.9999999999999847,-0.6066087051405495,20,50
96.69999999999985,1.0999999999999848,-0.5499802387167104,30,50
96.69999999999985,1.1999999999999849,-0.016482353904303144,29,50
96.69999999999985,1.299999999999985,-0.4813794598773176,27,50
96.69999999999985,1.399999999999985,-1.157790351878927,26,50
96.69999999999985,1.4999999999999851,-0.23551821903379255,23,50
96.69999999999985,1.5999999999999852,-0.8392360301136274,24,50
96.69999999999985,1.6999999999999853,-0.7850334228303724,21,50
96.69999999999985,1.7999999999999854,-1.285823974458312,24,50
96.69999999999985,1.8999999999999855,-1.1242115764806575,23,50
96.69999999999985,1.9999999999999856,-1.285823974458312,24,50
96.69999999999985,2.0999999999999854,-1.4300480455534796,22,50
96.69999999999985,2.1999999999999855,-1.059737363232769,17,50
96.69999999999985,2.2999999999999856,-1.233918576933847,15,50
96.69999999999985,2.3999999999999857,-0.8186814090059483,13,50
96.79999999999984,0.7999999999999847,-0.66347433740918,15,50
96.79999999999984,0.8999999999999847,-0.25089626387380914,33,50
96.79999999999984,0.9999999999999847,-0.19743286723199469,40,50
96.79999999999984,1.0999999999999848,-0.5838374065764684,43,50
96.79999999999984,1.1999999999999849,-0.32847053349114613,41,50
96.79999999999984,1.299999999999985,0.3513021349194805,36,50
96.79999999999984,1.399999999999985,-0.1225685882917565,37,50
96.79999999999984,1.4999999999999851,-0.7898067440898493,29,50
96.79999999999984,1.5999999999999852,-0.4813794598773176,27,50
96.79999999999984,1.6999999999999853,-1.157790351878927,26,50
96.79999999999984,1.7999999999999854,-0.9574163587788004,22,50
96.79999999999984,1.8999999999999855,-1.1242115764806575,23,50
96.79999999999984,1.9999999999999856,-0.7850334228303724,21,50
96.79999999999984,2.0999999999999854,-1.0912081665860223,20,50
96.79999999999984,2.1999999999999855,-0.5335027891785521,17,50
96.79999999999984,2.2999999999999856,-0.8186814090059483,13,50
96.89999999999984,0.6999999999999847,0.6680778895408305,16,50
96.89999999999984,0.7999999999999847,0.25289059133126757,32,50
96.89999999999984,0.8999999999999847,-0.06403781568264273,39,50
96.89999999999984,0.9999999999999847,0.22107462157406435,44,50
96.89999999999984,1.0999999999999848,-0.2094091788732696,45,50
96.89999999999984,1.1999999999999849,-0.2094091788732696,45,50
96.89999999999984,1.299999999999985,-0.08376976883495149,44,50
96.89999999999984,1.399999999999985,0.09399921850098561,45,50
96.89999999999984,1.4999999999999851,0.15859347035701896,35,50
96.89999999999984,1.5999999999999852,-0.4813794598773176,27,50
96.89999999999984,1.6999999999999853,-1.157790351878927,26,50
96.89999999999984,1.7999999999999854,-1.26356056460085,21,50
96.89999999999984,1.8999999999999855,-1.5949519422817133,20,50
96.89999999999984,1.9999999999999856,-0.7850334228303724,21,50
96.89999999999984,2.0999999999999854,-0.912480970758244,19,50
96.89999999999984,2.1999999999999855,-0.5335027891785521,17,50
96.89999999999984,2.2999999999999856,-0.7716006942791162,10,50
96.99999999999983,0.5999999999999848,-0.09871643361599734,10,50
96.99999999999983,0.6999999999999847,0.013575061297407093,24,50
96.99999999999983,0.7999999999999847,0.016625986702825352,36,50
96.99999999999983,0.8999999999999847,0.17373044237513235,42,50
96.99999999999983,0.9999999999999847,-0.03108974435301202,46,50
96.99999999999983,1.0999999999999848,-0.3330730595435467,46,50
96.99999999999983,1.1999999999999849,-0.4548303407600501,47,50
96.99999999999983,1.299999999999985,0.019198035796839215,48,50
96.99999999999983,1.399999999999985,-0.22073665606171491,50,50
96.99999999999983,1.4999999999999851,0.7843125709225611,42,50
96.99999999999983,1.5999999999999852,-0.32097132707616377,26,50
96.99999999999983,1.6999999999999853,-1.000821595544049,25,50
96.99999999999983,1.7999999999999854,-1.4234580343398482,19,50
96.99999999999983,1.8999999999999855,-1.245271668611159,18,50
96.99999999999983,1.9999999999999856,-1.059737363232769,17,50
96.99999999999983,2.0999999999999854,-0.8660982548579909,16,50
96.99999999999983,2.1999999999999855,-0.7716006942791162,10,50
97.09999999999982,0.5999999999999848,0.5281619463368518,10,50
97.09999999999982,0.6999999999999847,0.8837839760729591,28,50
97.09999999999982,0.7999999999999847,0.21022227874298838,37,50
97.09999999999982,0.8999999999999847,-0.13911174933669915,42,50
97.09999999999982,0.9999999999999847,-0.2094091788732696,45,50
97.09999999999982,1.0999999999999848,-0.15426075299646122,47,50
97.09999999999982,1.1999999999999849,-0.2094091788732696,45,50
97.09999999999982,1.299999999999985,0.019198035796839215,48,50
97.09999999999982,1.399999999999985,-0.3381461212072013,51,50
97.09999999999982,1.4999999999999851,-0.08376976883495149,44,50
97.09999999999982,1.5999999999999852,-1.000821595544049,25,50
97.09999999999982,1.6999999999999853,-0.7850334228303724,21,50
97.09999999999982,1.7999999999999854,-1.233918576933847,15,50
97.09999999999982,1.8999999999999855,-0.8186814090059483,13,50
97.09999999999982,1.9999999999999856,-0.8186814090059483,13,50
97.09999999999982,2.0999999999999854,-1.0111966704334343,11,50
97.19999999999982,0.5999999999999848,0.33298802593829363,13,50
97.19999999999982,0.6999999999999847,0.5172488352777719,28,50
97.19999999999982,0.7999999999999847,0.016625986702825352,36,50
97.19999999999982,0.8999999999999847,-0.008661176183055848,41,50
97.19999999999982,0.9999999999999847,-0.2094091788732696,45,50
97.19999999999982,1.0999999999999848,-0.08376976883495149,44,50
97.19999999999982,1.1999999999999849,-0.5176227232876478,45,50
97.19999999999982,1.299999999999985,-0.08376976883495149,44,50
97.19999999999982,1.399999999999985,-0.15426075299646122,47,50
97.19999999999982,1.4999999999999851,0.0439178623144319,43,50
97.19999999999982,1.5999999999999852,-0.7334090490453672,26,50
97.19999999999982,1.6999999999999853,-0.6066087051405495,20,50
97.19999999999982,1.7999999999999854,-0.5934294879094235,12,50
97.19999999999982,1.8999999999999855,-0.3541678526103573,11,50
97.19999999999982,1.9999999999999856,-0.09871643361599734,10,50
97.29999999999981,-0.000000000000015237811012980274,-0.09871643361599734,10,50
97.29999999999981,0.09999999999998477,-0.09871643361599734,10,50
97.29999999999981,0.5999999999999848,0.5785724240490533,12,50
97.29999999999981,0.6999999999999847,0.1883302153413887,23,50
97.29999999999981,0.7999999999999847,0.016625986702825352,36,50
97.29999999999981,0.8999999999999847,0.07181254219710903,38,50
97.29999999999981,0.9999999999999847,-0.2673684999574501,43,50
97.29999999999981,1.0999999999999848,-0.2094091788732696,45,50
97.29999999999981,1.1999999999999849,-0.13911174933669915,42,50
97.29999999999981,1.299999999999985,-0.008661176183055848,41,50
97.29999999999981,1.399999999999985,0.3502086353534241,43,50
97.29999999999981,1.4999999999999851,-0.10422629677969253,32,50
97.29999999999981,1.5999999999999852,-0.5335027891785521,17,50
97.29999999999981,1.6999999999999853,-0.22696100194200072,13,50
97.29999999999981,1.7999999999999854,-0.09871643361599734,10,50
97.3999999999998,0.19999999999998477,-0.09871643361599734,10,50
97.3999999999998,0.5999999999999848,0.2605955718121772,11,50
97.3999999999998,0.6999999999999847,-0.5335027891785521,17,50
97.3999999999998,0.7999999999999847,0.8837839760729591,28,50
97.3999999999998,0.8999999999999847,0.10391733766723409,33,50
97.3999999999998,0.9999999999999847,0.21022227874298838,37,50
97.3999999999998,1.0999999999999848,0.2591722756754291,39,50
97.3999999999998,1.1999999999999849,0.2591722756754291,39,50
97.3999999999998,1.299999999999985,0.2591722756754291,39,50
97.3999999999998,1.399999999999985,0.15859347035701896,35,50
97.3999999999998,1.4999999999999851,0.05077913556182089,19,50
97.3999999999998,1.5999999999999852,0.2605955718121772,11,50
97.4999999999998,0.6999999999999847,1.1155784124188388,10,50
97.4999999999998,0.7999999999999847,-0.02962137199348896,17,50
97.4999999999998,0.8999999999999847,0.3685377919511528,22,50
97.4999999999998,0.9999999999999847,1.2229637478468152,26,50
97.4999999999998,1.0999999999999848,0.5609766873768973,30,50
97.4999999999998,1.1999999999999849,0.756873857737243,31,50
97.4999999999998,1.299999999999985,0.1418503122023569,28,50
97.4999999999998,1.399999999999985,-0.3318300131168022,16,50
97.5999999999998,0.8999999999999847,-0.4508346113128944,14,50
97.5999999999998,0.9999999999999847,-0.5335027891785521,17,50
97.5999999999998,1.0999999999999848,-0.13960611924884675,20,50
97.5999999999998,1.1999999999999849,-0.3318300131168022,16,50
98.09999999999977,0.19999999999998477,0.5281619463368518,10,50
98.09999999999977,0.2999999999999848,0.8387533225039012,11,50
98.09999999999977,0.3999999999999848,0.5281619463368518,10,50
98.09999999999977,0.4999999999999848,0.5281619463368518,10,50
98.19999999999976,0.19999999999998477,-0.120902445793261,15,50
98.19999999999976,0.2999999999999848,-0.3318300131168022,16,50
98.19999999999976,0.3999999999999848,0.33298802593829363,13,50
98.19999999999976,0.4999999999999848,0.8387533225039012,11,50
98.29999999999976,0.09999999999998477,-0.3541678526103573,11,50
98.29999999999976,0.19999999999998477,-0.3318300131168022,16,50
98.29999999999976,0.2999999999999848,-0.3318300131168022,16,50
98.29999999999976,0.3999999999999848,-0.3318300131168022,16,50
98.29999999999976,0.4999999999999848,0.10030331767171544,14,50
98.29999999999976,0.5999999999999848,0.5785724240490533,12,50
98.29999999999976,0.6999999999999847,0.5281619463368518,10,50
98.29999999999976,0.8999999999999847,0.5281619463368518,10,50
98.39999999999975,0.09999999999998477,-0.22696100194200072,13,50
98.39999999999975,0.19999999999998477,-0.3318300131168022,16,50
98.39999999999975,0.2999999999999848,-0.3318300131168022,16,50
98.39999999999975,0.3999999999999848,-0.5335027891785521,17,50
98.39999999999975,0.4999999999999848,-0.5335027891785521,17,50
98.39999999999975,0.5999999999999848,0.33298802593829363,13,50
98.39999999999975,0.6999999999999847,0.2605955718121772,11,50
98.39999999999975,0.7999999999999847,0.8387533225039012,11,50
98.49999999999974,-0.000000000000015237811012980274,-1.498781540496236,10,50
98.49999999999974,0.09999999999998477,-0.5934294879094235,12,50
98.49999999999974,0.19999999999998477,-0.120902445793261,15,50
98.49999999999974,0.2999999999999848,-0.5335027891785521,17,50
98.49999999999974,0.3999999999999848,-0.5335027891785521,17,50
98.49999999999974,0.4999999999999848,-0.3318300131168022,16,50
98.49999999999974,0.5999999999999848,0.33298802593829363,13,50
98.49999999999974,0.6999999999999847,1.1175509044399279,12,50
98.49999999999974,0.7999999999999847,1.1155784124188388,10,50
98.59999999999974,-0.000000000000015237811012980274,-1.498781540496236,10,50
98.59999999999974,0.09999999999998477,-1.0111966704334343,11,50
98.59999999999974,0.19999999999998477,-0.8186814090059483,13,50
98.59999999999974,0.2999999999999848,-0.3318300131168022,16,50
98.59999999999974,0.3999999999999848,-0.3318300131168022,16,50
98.59999999999974,0.4999999999999848,-0.3318300131168022,16,50
98.59999999999974,0.5999999999999848,0.39667041973177,15,50
98.59999999999974,0.6999999999999847,0.6249296425851988,14,50
98.69999999999973,0.09999999999998477,-1.0111966704334343,11,50
98.69999999999973,0.19999999999998477,-0.8186814090059483,13,50
98.69999999999973,0.2999999999999848,-1.0316928807917014,14,50
98.69999999999973,0.3999999999999848,-0.66347433740918,15,50
98.69999999999973,0.4999999999999848,-0.8660982548579909,16,50
98.69999999999973,0.5999999999999848,0.10030331767171544,14,50
98.69999999999973,0.6999999999999847,-0.22696100194200072,13,50
98.69999999999973,2.1999999999999855,0.5281619463368518,10,50
98.69999999999973,2.2999999999999856,1.6687835818293768,10,50
98.79999999999973,0.09999999999998477,-1.498781540496236,10,50
98.79999999999973,0.19999999999998477,-1.2354444620916498,12,50
98.79999999999973,0.2999999999999848,-1.233918576933847,15,50
98.79999999999973,0.3999999999999848,-1.233918576933847,15,50
98.79999999999973,0.4999999999999848,-0.8186814090059483,13,50
98.79999999999973,0.5999999999999848,-0.22696100194200072,13,50
98.79999999999973,0.6999999999999847,-0.09871643361599734,10,50
98.79999999999973,2.1999999999999855,1.1175509044399279,12,50
98.79999999999973,2.2999999999999856,1.1175509044399279,12,50
98.79999999999973,2.3999999999999857,1.3849091956993869,11,50
98.89999999999972,0.19999999999998477,-1.498781540496236,10,50
98.89999999999972,0.2999999999999848,-1.2354444620916498,12,50
98.89999999999972,0.3999999999999848,-1.0111966704334343,11,50
98.89999999999972,0.4999999999999848,-0.7716006942791162,10,50
98.89999999999972,1.7999999999999854,0.5281619463368518,10,50
98.89999999999972,1.9999999999999856,0.5281619463368518,10,50
98.89999999999972,2.0999999999999854,0.8387533225039012,11,50
98.89999999999972,2.1999999999999855,1.3713992339087346,13,50
98.89999999999972,2.2999999999999856,1.1257650236838141,14,50
98.89999999999972,2.3999999999999857,1.6299149709673184,12,50
98.89999999999972,2.499999999999986,1.3849091956993869,11,50
98.99999999999972,1.7999999999999854,0.5281619463368518,10,50
98.99999999999972,1.9999999999999856,0.5281619463368518,10,50
98.99999999999972,2.0999999999999854,0.8387533225039012,11,50
98.99999999999972,2.1999999999999855,1.1257650236838141,14,50
98.99999999999972,2.2999999999999856,1.1257650236838141,14,50
98.99999999999972,2.3999999999999857,1.6051351149063529,14,50
98.99999999999972,2.499999999999986,1.3849091956993869,11,50
98.99999999999972,2.599999999999986,1.1155784124188388,10,50
99.09999999999971,1.9999999999999856,0.8387533225039012,11,50
99.09999999999971,2.0999999999999854,1.1175509044399279,12,50
99.09999999999971,2.1999999999999855,1.1257650236838141,14,50
99.09999999999971,2.2999999999999856,1.3662989392451437,15,50
99.09999999999971,2.3999999999999857,1.3713992339087346,13,50
99.09999999999971,2.499999999999986,1.3849091956993869,11,50
99.09999999999971,2.599999999999986,1.1155784124188388,10,50
99.1999999999997,1.6999999999999853,-0.09871643361599734,10,50
99.1999999999997,1.9999999999999856,0.5281619463368518,10,50
99.1999999999997,2.0999999999999854,1.1175509044399279,12,50
99.1999999999997,2.1999999999999855,1.1175509044399279,12,50
99.1999999999997,2.2999999999999856,1.3662989392451437,15,50
99.1999999999997,2.3999999999999857,1.3849091956993869,11,50
99.1999999999997,2.499999999999986,1.3849091956993869,11,50
99.1999999999997,2.599999999999986,1.1155784124188388,10,50
99.2999999999997,-1.8000000000000158,-0.3541678526103573,11,50
99.2999999999997,-1.7000000000000157,0.2605955718121772,11,50
99.2999999999997,-1.6000000000000156,0.5281619463368518,10,50
99.2999999999997,2.0999999999999854,1.3849091956993869,11,50
99.2999999999997,2.1999999999999855,1.1175509044399279,12,50
99.2999999999997,2.2999999999999856,1.1175509044399279,12,50
99.2999999999997,2.3999999999999857,1.3849091956993869,11,50
99.2999999999997,2.499999999999986,1.1155784124188388,10,50
99.3999999999997,-2.000000000000016,-0.3541678526103573,11,50
99.3999999999997,-1.900000000000016,-0.5934294879094235,12,50
99.3999999999997,-1.8000000000000158,-0.22696100194200072,13,50
99.3999999999997,-1.7000000000000157,0.5785724240490533,12,50
99.3999999999997,-1.6000000000000156,0.5785724240490533,12,50
99.49999999999969,-2.200000000000016,-0.09871643361599734,10,50
99.49999999999969,-2.100000000000016,0.009599017898419607,12,50
99.49999999999969,-2.000000000000016,-0.5934294879094235,12,50
99.49999999999969,-1.900000000000016,-0.8186814090059483,13,50
99.49999999999969,-1.8000000000000158,-0.5934294879094235,12,50
99.49999999999969,-1.7000000000000157,0.10030331767171544,14,50
99.49999999999969,-1.6000000000000156,0.5785724240490533,12,50
99.59999999999968,-2.200000000000016,-0.22696100194200072,13,50
99.59999999999968,-2.100000000000016,-0.22696100194200072,13,50
99.59999999999968,-2.000000000000016,-0.7716006942791162,10,50
99.59999999999968,-1.900000000000016,-0.5934294879094235,12,50
99.59999999999968,-1.8000000000000158,-0.3541678526103573,11,50
99.59999999999968,-1.7000000000000157,0.10030331767171544,14,50
99.59999999999968,-1.6000000000000156,0.33298802593829363,13,50
99.59999999999968,-1.5000000000000155,0.5281619463368518,10,50
99.69999999999968,-2.200000000000016,0.2605955718121772,11,50
99.69999999999968,-2.100000000000016,-0.7716006942791162,10,50
99.69999999999968,-1.900000000000016,-0.3541678526103573,11,50
99.69999999999968,-1.8000000000000158,-0.3541678526103573,11,50
99.69999999999968,-1.7000000000000157,-0.09871643361599734,10,50
99.69999999999968,-1.6000000000000156,0.5785724240490533,12,50
99.79999999999967,-1.900000000000016,-0.09871643361599734,10,50
99.79999999999967,-1.8000000000000158,-0.09871643361599734,10,50
99.79999999999967,-1.7000000000000157,0.5281619463368518,10,50
99.79999999999967,-1.6000000000000156,0.5281619463368518,10,50
99.89999999999966,-1.900000000000016,-0.09871643361599734,10,50
99.89999999999966,-1.8000000000000158,-0.09871643361599734,10,50
99.89999999999966,-1.7000000000000157,-0.09871643361599734,10,50
99.99999999999966,-2.100000000000016,-0.09871643361599734,10,50
99.99999999999966,-2.000000000000016,-0.5934294879094235,12,50
99.99999999999966,-1.900000000000016,-0.5934294879094235,12,50
99.99999999999966,-1.8000000000000158,-0.5934294879094235,12,50
100.09999999999965,-2.100000000000016,-1.0111966704334343,11,50
100.09999999999965,-2.000000000000016,-1.0111966704334343,11,50
100.09999999999965,-1.900000000000016,-0.7716006942791162,10,50
100.09999999999965,-1.8000000000000158,-0.7716006942791162,10,50
100.19999999999965,-2.100000000000016,-1.717548988437412,11,50
100.19999999999965,-2.000000000000016,-1.498781540496236,10,50
100.19999999999965,-1.900000000000016,-1.0111966704334343,11,50
100.29999999999964,-2.000000000000016,-1.498781540496236,10,50
100.39999999999964,-2.100000000000016,-2.2909635736031566,10,50
100.39999999999964,-2.000000000000016,-1.498781540496236,10,50
100.49999999999963,-2.000000000000016,-1.498781540496236,10,50
101.79999999999956,-4.700000000000015,0.2605955718121772,11,50
101.79999999999956,-4.600000000000016,-0.09871643361599734,10,50
101.79999999999956,-4.500000000000016,-0.7716006942791162,10,50
101.89999999999955,-4.900000000000015,0.5281619463368518,10,50
101.89999999999955,-4.800000000000015,-0.09871643361599734,10,50
101.89999999999955,-4.700000000000015,0.009599017898419607,12,50
101.89999999999955,-4.600000000000016,-0.09871643361599734,10,50
101.89999999999955,-4.500000000000016,-0.7716006942791162,10,50
101.99999999999955,-5.000000000000014,1.1155784124188388,10,50
101.99999999999955,-4.900000000000015,0.8387533225039012,11,50
101.99999999999955,-4.800000000000015,0.009599017898419607,12,50
101.99999999999955,-4.700000000000015,0.009599017898419607,12,50
101.99999999999955,-4.600000000000016,-0.5934294879094235,12,50
102.09999999999954,-5.400000000000013,1.9028555987584137,11,50
102.09999999999954,-5.300000000000013,1.9028555987584137,11,50
102.09999999999954,-5.2000000000000135,1.9028555987584137,11,50
102.09999999999954,-4.800000000000015,0.5281619463368518,10,50
102.09999999999954,-4.300000000000017,-0.09871643361599734,10,50
102.09999999999954,-4.100000000000017,-0.5934294879094235,12,50
102.19999999999953,-5.400000000000013,2.065042655797826,14,50
102.19999999999953,-5.300000000000013,2.319128090485547,13,50
102.19999999999953,-5.2000000000000135,2.5857411131998367,12,50
102.19999999999953,-5.100000000000014,2.319128090485547,13,50
102.19999999999953,-4.900000000000015,1.6687835818293768,10,50
102.19999999999953,-4.800000000000015,0.009599017898419607,12,50
102.19999999999953,-4.700000000000015,-0.3318300131168022,16,50
102.19999999999953,-4.600000000000016,-2.0162654356189527,16,50
102.19999999999953,-4.500000000000016,-0.8186814090059483,13,50
102.19999999999953,-4.400000000000016,-0.3318300131168022,16,50
102.19999999999953,-4.300000000000017,-0.4508346113128944,14,50
102.19999999999953,-4.200000000000017,-0.09871643361599734,10,50
102.29999999999953,-5.500000000000012,2.5857411131998367,12,50
102.29999999999953,-5.400000000000013,2.319128090485547,13,50
102.29999999999953,-5.300000000000013,2.507223977388524,14,50
102.29999999999953,-5.2000000000000135,2.764309920071005,13,50
102.29999999999953,-5.100000000000014,2.507223977388524,14,50
102.29999999999953,-5.000000000000014,2.764309920071005,13,50
102.29999999999953,-4.900000000000015,0.33298802593829363,13,50
102.29999999999953,-4.800000000000015,-0.7267997218496035,18,50
102.29999999999953,-4.700000000000015,-1.4234580343398482,19,50
102.29999999999953,-4.600000000000016,-2.354585912203132,18,50
102.29999999999953,-4.500000000000016,-1.956486956897699,19,50
102.29999999999953,-4.400000000000016,-1.4234580343398482,19,50
102.29999999999953,-4.300000000000017,-0.66347433740918,15,50
102.29999999999953,-4.200000000000017,-0.8186814090059483,13,50
102.39999999999952,-5.700000000000012,1.9028555987584137,11,50
102.39999999999952,-5.600000000000012,2.5857411131998367,12,50
102.39999999999952,-5.500000000000012,2.764309920071005,13,50
102.39999999999952,-5.400000000000013,2.933193771551736,14,50
102.39999999999952,-5.300000000000013,2.684703364000745,15,50
102.39999999999952,-5.2000000000000135,2.85305367149764,16,50
102.39999999999952,-5.100000000000014,2.261301426532449,15,50
102.39999999999952,-5.000000000000014,1.581324178480679,18,50
102.39999999999952,-4.900000000000015,-0.42163080228597916,19,50
102.39999999999952,-4.800000000000015,-0.7850334228303724,21,50
102.39999999999952,-4.700000000000015,-1.26356056460085,21,50
102.39999999999952,-4.600000000000016,-1.7603246859132058,21,50
102.39999999999952,-4.500000000000016,-1.4234580343398482,19,50
102.39999999999952,-4.400000000000016,-1.26356056460085,21,50
102.39999999999952,-4.300000000000017,-1.4234580343398482,19,50
102.39999999999952,-4.200000000000017,-1.0111966704334343,11,50
102.39999999999952,-4.100000000000017,-0.7716006942791162,10,50
102.49999999999952,-5.800000000000011,1.1155784124188388,10,50
102.49999999999952,-5.700000000000012,1.6687835818293768,10,50
102.49999999999952,-5.600000000000012,3.0937414669386434,15,50
102.49999999999952,-5.500000000000012,3.2470236879504553,16,50
102.49999999999952,-5.400000000000013,2.933193771551736,14,50
102.49999999999952,-5.300000000000013,2.85305367149764,16,50
102.49999999999952,-5.2000000000000135,2.3600163740886564,20,50
102.49999999999952,-5.100000000000014,2.3294897870210747,22,50
102.49999999999952,-5.000000000000014,0.8182249689052485,24,50
102.49999999999952,-4.900000000000015,0.35628846136034514,29,50
102.49999999999952,-4.800000000000015,0.24848496728968142,25,50
102.49999999999952,-4.700000000000015,-0.6727062551816491,23,50
102.49999999999952,-4.600000000000016,-1.956486956897699,19,50
102.49999999999952,-4.500000000000016,-1.956486956897699,19,50
102.49999999999952,-4.400000000000016,-1.4234580343398482,19,50
102.49999999999952,-4.300000000000017,-1.245271668611159,18,50
102.49999999999952,-4.200000000000017,-1.0111966704334343,11,50
102.59999999999951,-5.800000000000011,0.8387533225039012,11,50
102.59999999999951,-5.700000000000012,1.6051351149063529,14,50
102.59999999999951,-5.600000000000012,2.507223977388524,14,50
102.59999999999951,-5.500000000000012,2.764309920071005,13,50
102.59999999999951,-5.400000000000013,2.933193771551736,14,50
102.59999999999951,-5.300000000000013,2.398207042860756,18,50
102.59999999999951,-5.2000000000000135,2.691044195001725,22,50
102.59999999999951,-5.100000000000014,2.1079354920735773,27,50
102.59999999999951,-5.000000000000014,1.7689614170440542,31,50
102.59999999999951,-4.900000000000015,0.9148033256798939,30,50
102.59999999999951,-4.800000000000015,0.35628846136034514,29,50
102.59999999999951,-4.700000000000015,-0.23551821903379255,23,50
102.59999999999951,-4.600000000000016,-0.32331966334366347,21,50
102.59999999999951,-4.500000000000016,-0.8660982548579909,16,50
102.59999999999951,-4.400000000000016,-0.8660982548579909,16,50
102.59999999999951,-4.300000000000017,-0.8660982548579909,16,50
102.59999999999951,-4.200000000000017,-0.8186814090059483,13,50
102.6999999999995,-5.700000000000012,1.82230033631376,15,50
102.6999999999995,-5.600000000000012,2.261301426532449,15,50
102.6999999999995,-5.500000000000012,2.507223977388524,14,50
102.6999999999995,-5.400000000000013,2.6214394083398846,17,50
102.6999999999995,-5.300000000000013,2.7349814934945815,20,50
102.6999999999995,-5.2000000000000135,2.6545112342805193,24,50
102.6999999999995,-5.100000000000014,2.444872456450978,27,50
102.6999999999995,-5.000000000000014,2.0930687551739258,31,50
102.6999999999995,-4.900000000000015,1.2802823863366428,32,50
102.6999999999995,-4.800000000000015,0.3042365732439784,27,50
102.6999999999995,-4.700000000000015,-0.15608438635768127,25,50
102.6999999999995,-4.600000000000016,0.12284597390199481,21,50
102.6999999999995,-4.500000000000016,-0.7267997218496035,18,50
102.6999999999995,-4.400000000000016,-0.66347433740918,15,50
102.6999999999995,-4.300000000000017,-0.4508346113128944,14,50
102.6999999999995,-4.200000000000017,-0.22696100194200072,13,50
102.7999999999995,-5.700000000000012,1.3849091956993869,11,50
102.7999999999995,-5.600000000000012,2.261301426532449,15,50
102.7999999999995,-5.500000000000012,2.4462418146631135,16,50
102.7999999999995,-5.400000000000013,2.2169918662769312,17,50
102.7999999999995,-5.300000000000013,2.691044195001725,22,50
102.7999999999995,-5.2000000000000135,2.6545112342805193,24,50
102.7999999999995,-5.100000000000014,2.6545112342805193,24,50
102.7999999999995,-5.000000000000014,1.9346458766079475,28,50
102.7999999999995,-4.900000000000015,1.7654303138400724,29,50
102.7999999999995,-4.800000000000015,0.5172488352777719,28,50
102.7999999999995,-4.700000000000015,0.08024940910816762,26,50
102.7999999999995,-4.600000000000016,0.013575061297407093,24,50
102.7999999999995,-4.500000000000016,-0.42163080228597916,19,50
102.7999999999995,-4.400000000000016,-0.66347433740918,15,50
102.7999999999995,-4.300000000000017,-0.4508346113128944,14,50
102.8999999999995,-5.700000000000012,1.1155784124188388,10,50
102.8999999999995,-5.600000000000012,1.9028555987584137,11,50
102.8999999999995,-5.500000000000012,2.4462418146631135,16,50
102.8999999999995,-5.400000000000013,3.100028419800248,20,50
102.8999999999995,-5.300000000000013,3.189412397183363,23,50
102.8999999999995,-5.2000000000000135,2.807643643054489,25,50
102.8999999999995,-5.100000000000014,2.691044195001725,22,50
102.8999999999995,-5.000000000000014,1.7638843458791005,25,50
102.8999999999995,-4.900000000000015,1.4115048820362137,27,50
102.8999999999995,-4.800000000000015,0.24848496728968142,25,50
102.8999999999995,-4.700000000000015,0.08024940910816762,26,50
102.8999999999995,-4.600000000000016,0.013575061297407093,24,50
102.8999999999995,-4.500000000000016,-0.5335027891785521,17,50
102.8999999999995,-4.400000000000016,-0.8660982548579909,16,50
102.8999999999995,-4.300000000000017,-0.3541678526103573,11,50
102.99999999999949,-5.900000000000011,1.1155784124188388,10,50
102.99999999999949,-5.700000000000012,1.1175509044399279,12,50
102.99999999999949,-5.600000000000012,2.1185075552980006,12,50
102.99999999999949,-5.500000000000012,1.8554548900716907,13,50
102.99999999999949,-5.400000000000013,2.398207042860756,18,50
102.99999999999949,-5.300000000000013,2.7349814934945815,20,50
102.99999999999949,-5.2000000000000135,3.0437529806501016,22,50
102.99999999999949,-5.100000000000014,2.6545112342805193,24,50
102.99999999999949,-5.000000000000014,2.4953448706674046,23,50
102.99999999999949,-4.900000000000015,0.5997210281797141,23,50
102.99999999999949,-4.800000000000015,0.3685377919511528,22,50
102.99999999999949,-4.700000000000015,0.12284597390199481,21,50
102.99999999999949,-4.600000000000016,-0.32331966334366347,21,50
102.99999999999949,-4.500000000000016,-1.0316928807917014,14,50
103.09999999999948,-6.10000000000001,1.8554548900716907,13,50
103.09999999999948,-6.000000000000011,2.261301426532449,15,50
103.09999999999948,-5.900000000000011,2.6214394083398846,17,50
103.09999999999948,-5.800000000000011,2.4462418146631135,16,50
103.09999999999948,-5.700000000000012,1.6299149709673184,12,50
103.09999999999948,-5.600000000000012,2.507223977388524,14,50
103.09999999999948,-5.500000000000012,2.395751740623007,11,50
103.09999999999948,-5.400000000000013,2.261301426532449,15,50
103.09999999999948,-5.300000000000013,2.684703364000745,15,50
103.09999999999948,-5.2000000000000135,2.3600163740886564,20,50
103.09999999999948,-5.100000000000014,2.156174835680294,21,50
103.09999999999948,-5.000000000000014,2.156174835680294,21,50
103.09999999999948,-4.900000000000015,1.3668653684421168,17,50
103.09999999999948,-4.800000000000015,1.152488910145362,18,50
103.09999999999948,-4.700000000000015,0.45392861779747573,17,50
103.09999999999948,-4.600000000000016,1.1257650236838141,14,50
103.19999999999948,-6.20000000000001,2.261301426532449,15,50
103.19999999999948,-6.10000000000001,2.2169918662769312,17,50
103.19999999999948,-6.000000000000011,3.388104603668006,22,50
103.19999999999948,-5.900000000000011,3.100028419800248,20,50
103.19999999999948,-5.800000000000011,3.2467325746842475,21,50
103.19999999999948,-5.700000000000012,3.100028419800248,20,50
103.19999999999948,-5.600000000000012,1.8554548900716907,13,50
103.19999999999948,-5.500000000000012,2.5857411131998367,12,50
103.19999999999948,-5.400000000000013,2.395751740623007,11,50
103.19999999999948,-5.300000000000013,2.507223977388524,14,50
103.19999999999948,-5.2000000000000135,2.0255650681081145,16,50
103.19999999999948,-5.100000000000014,2.182739294075026,19,50
103.19999999999948,-5.000000000000014,1.7991578289647516,17,50
103.19999999999948,-4.900000000000015,1.3668653684421168,17,50
103.19999999999948,-4.800000000000015,0.8916996281622623,15,50
103.19999999999948,-4.700000000000015,1.1175509044399279,12,50
103.19999999999948,-4.600000000000016,1.1155784124188388,10,50
103.29999999999947,-6.30000000000001,2.764309920071005,13,50
103.29999999999947,-6.20000000000001,2.85305367149764,16,50
103.29999999999947,-6.10000000000001,2.691044195001725,22,50
103.29999999999947,-6.000000000000011,2.8464545280930604,23,50
103.29999999999947,-5.900000000000011,2.8464545280930604,23,50
103.29999999999947,-5.800000000000011,3.0437529806501016,22,50
103.29999999999947,-5.700000000000012,3.3299890950490734,24,50
103.29999999999947,-5.600000000000012,3.393905803528697,17,50
103.29999999999947,-5.500000000000012,2.395751740623007,11,50
103.29999999999947,-5.400000000000013,2.1920511175117725,10,50
103.29999999999947,-5.300000000000013,2.1920511175117725,10,50
103.29999999999947,-5.2000000000000135,1.3713992339087346,13,50
103.29999999999947,-5.100000000000014,1.3713992339087346,13,50
103.29999999999947,-5.000000000000014,2.0255650681081145,16,50
103.29999999999947,-4.900000000000015,1.82230033631376,15,50
103.29999999999947,-4.800000000000015,1.6687835818293768,10,50
103.39999999999947,-6.30000000000001,3.0937414669386434,15,50
103.39999999999947,-6.20000000000001,2.788152378414495,18,50
103.39999999999947,-6.10000000000001,3.2467325746842475,21,50
103.39999999999947,-6.000000000000011,3.2467325746842475,21,50
103.39999999999947,-5.900000000000011,3.0437529806501016,22,50
103.39999999999947,-5.800000000000011,3.189412397183363,23,50
103.39999999999947,-5.700000000000012,3.524646758467862,23,50
103.39999999999947,-5.600000000000012,3.7245482475597353,22,50
103.39999999999947,-5.500000000000012,2.395751740623007,11,50
103.39999999999947,-5.100000000000014,1.3849091956993869,11,50
103.39999999999947,-5.000000000000014,1.3849091956993869,11,50
103.49999999999946,-6.30000000000001,2.85305367149764,16,50
103.49999999999946,-6.20000000000001,2.9474018649408875,19,50
103.49999999999946,-6.10000000000001,3.388104603668006,22,50
103.49999999999946,-6.000000000000011,3.388104603668006,22,50
103.49999999999946,-5.900000000000011,3.388104603668006,22,50
103.49999999999946,-5.800000000000011,3.388104603668006,22,50
103.49999999999946,-5.700000000000012,3.929998330430773,21,50
103.49999999999946,-5.600000000000012,3.7245482475597353,22,50
103.49999999999946,-5.500000000000012,2.764309920071005,13,50
103.49999999999946,-5.400000000000013,1.6687835818293768,10,50
103.59999999999945,-6.30000000000001,3.2470236879504553,16,50
103.59999999999945,-6.20000000000001,2.9474018649408875,19,50
103.59999999999945,-6.10000000000001,3.2467325746842475,21,50
103.59999999999945,-6.000000000000011,3.388104603668006,22,50
103.59999999999945,-5.900000000000011,3.388104603668006,22,50
103.59999999999945,-5.800000000000011,3.5924140285057407,21,50
103.59999999999945,-5.700000000000012,3.6711917412568535,19,50
103.59999999999945,-5.600000000000012,3.7245482475597353,22,50
103.59999999999945,-5.500000000000012,2.065042655797826,14,50
103.69999999999945,-6.30000000000001,3.0937414669386434,15,50
103.69999999999945,-6.20000000000001,3.393905803528697,17,50
103.69999999999945,-6.10000000000001,3.3140855780725054,19,50
103.69999999999945,-6.000000000000011,3.5924140285057407,21,50
103.69999999999945,-5.900000000000011,3.5924140285057407,21,50
103.69999999999945,-5.800000000000011,3.5924140285057407,21,50
103.69999999999945,-5.700000000000012,3.6711917412568535,19,50
103.69999999999945,-5.600000000000012,3.4557490866694267,20,50
103.69999999999945,-5.500000000000012,1.1155784124188388,10,50
103.79999999999944,-6.30000000000001,2.5857411131998367,12,50
103.79999999999944,-6.20000000000001,3.2470236879504553,16,50
103.79999999999944,-6.10000000000001,3.393905803528697,17,50
103.79999999999944,-6.000000000000011,3.4557490866694267,20,50
103.79999999999944,-5.900000000000011,3.2467325746842475,21,50
103.79999999999944,-5.800000000000011,3.2467325746842475,21,50
103.79999999999944,-5.700000000000012,3.4557490866694267,20,50
103.79999999999944,-5.600000000000012,1.9028555987584137,11,50
103.89999999999944,-6.20000000000001,2.1920511175117725,10,50
103.89999999999944,-6.10000000000001,2.684703364000745,15,50
103.89999999999944,-6.000000000000011,2.85305367149764,16,50
103.89999999999944,-5.900000000000011,2.85305367149764,16,50
103.89999999999944,-5.800000000000011,2.85305367149764,16,50
