event_id,date,time,latitude,longitude,depth,magnitude,magnitude_type,along_track_km,cross_track_km
600130127,2012-01-01,18:09:02.81,4.5521,96.3288,8.5,5.4,MW,135.91798226090893,75.41270486135919
600671323,2012-01-04,19:03:52.85,2.0145,96.6345,30.6,4.7,MB,367.6317068654687,89.18438696878215
600138791,2012-01-05,23:14:50.12,-0.8578,99.0303,45.7,5,MW,783.1614768219299,106.41648259664424
600733134,2012-01-06,02:29:03.29,0.0931,100.3864,174.8,5,MB,805.9810095275498,76.80538285413357
600141855,2012-01-07,09:14:34.39,4.5512,96.3243,16.7,4.7,MLV,135.65681383699828,74.97610484175827
600657551,2012-01-07,18:39:17.00,-4.6408,103.1196,64,4.7,MB,1399.8809468140462,52.48688349892749
600191352,2012-01-11,11:36:20.41,-1.6458,99.8798,33,4.7,MLV,911.5162841939667,95.23549163097665
600269160,2012-01-13,05:23:00.92,1.4169,97.028,28,4.6,MB,446.2290701622394,101.46868540921099
600192686,2012-01-13,20:03:47.07,2.4445,96.2964,41.1,5.2,MW,306.97945407291843,84.84576821188111
600196518,2012-01-15,14:52:02.35,4.4427,94.8913,48,4.8,MS7,37.683349189384714,50.64795892626692
600212963,2012-01-18,21:16:25.99,-6.0766,104.1071,6.1,4.7,MLV,1591.499310187556,79.49256929844627
600320840,2012-01-21,07:27:25.19,-1.1096,101.4163,182.6,4.5,MLV,981.9852436380062,72.0050331000412
600229452,2012-01-22,00:55:37.91,2.186,96.0853,27,4.5,MS,312.46973531098354,121.54888778231667
600320846,2012-01-22,09:22:11.42,-6.8776,104.7079,35,4.7,MB,1702.0146266098966,90.72439882154569
600249992,2012-01-23,12:40:25.56,4.8408,96.055,29,4.8,MLV,91.75304627176324,74.53375962966125
600249997,2012-01-23,23:41:10.71,-1.8911,100.3207,68.6,4.7,MB,964.646416924396,77.17422764556869
600734626,2012-01-26,17:45:12.65,2.4635,95.8421,25,4.5,MS,271.4596404429978,120.78459574793857
600268305,2012-01-28,14:47:17.94,2.0256,96.6594,28.3,5.3,MW,368.57866108696317,86.30447655425937
601015304,2012-01-28,15:07:53.87,2.0812,96.5899,28,4.6,MS,358.8091904554988,87.86734301937828
600716012,2012-01-29,12:47:48.72,0.3113,97.654,29,4.5,MB,584.0386884387759,132.55030501259077
600272776,2012-01-30,13:20:34.42,2.0319,96.582,29.9,4.7,MS,362.2764823311464,92.2047091746755
600844056,2012-02-01,05:41:42.51,0.2895,97.6298,29,4.5,ML,584.0243097597321,136.17708234168322
600292270,2012-02-01,07:14:28.35,-3.7183,102.1402,77.2,5.4,MW,1250.909462433724,63.93841314421108
600319829,2012-02-03,17:40:02.31,-0.4557,99.0597,63.8,4.5,MLV,752.2381768681616,73.89597869629019
600844605,2012-02-06,08:47:30.00,0.8003,97.2728,27,4.6,ML,515.2858500504791,127.40824730856393
600655821,2012-02-13,05:59:18.69,2.5903,95.7845,36.1,4.5,MS,256.72392918268247,116.03073256843709
600845462,2012-02-16,00:14:17.25,2.0229,96.6533,28,4.7,ML,368.3450998832232,87.0085568162613
600676070,2012-02-20,00:33:50.55,-2.9776,100.9887,51.9,4.5,MS,1103.9799745107562,103.45898009173763
600676078,2012-02-20,02:28:17.61,1.8213,99.5901,191.6,5.2,MW,604.0011167968313,140.09791005187327
600845774,2012-02-20,08:05:00.90,4.4864,96.314,20.5,4.5,MB,140.22449600616767,69.28679013291072
600845807,2012-02-20,17:49:26.96,1.0736,97.1552,27,4.5,MB,483.99698051631606,116.66106242246447
600701374,2012-02-22,05:38:40.60,-0.8381,101.1362,191,4.7,MB,938.7062579192745,69.15827982128266
600714264,2012-02-24,14:13:05.17,-4.9145,102.937,67,4.8,MS,1408.7410127485605,88.22444700664232
605088972,2012-02-24,18:50:24.45,-1.8589,100.3542,56,4.5,MB,964.4962681841564,71.99137512551694
600738978,2012-02-28,19:13:56.16,-2.0634,100.6463,74.8,4.5,MLV,1003.149361499063,63.172280421934985
600834634,2012-02-29,17:33:20.80,-5.4146,103.3402,56.9,4.5,MB,1479.917547307187,92.69479492053324
600954323,2012-03-01,09:58:32.73,1.1322,97.1391,25,4.6,ML,477.9695626401509,113.60533176256057
600752406,2012-03-01,11:19:47.52,1.2455,97.0224,28,4.7,MS,459.92008339143996,114.74840077907167
600760760,2012-03-04,23:17:06.19,-4.4188,102.6567,66.3,5.1,MW,1347.0765953968635,73.99829229012862
600761015,2012-03-05,06:55:28.92,4.1142,96.9922,27.2,5.1,MW,221.40337102042204,97.17784772104777
600929790,2012-03-06,09:33:51.36,2.0171,97.7417,48.5,4.5,ML,450.09020108597963,2.2103673120929472
600954665,2012-03-06,10:51:04.32,0.9851,97.2912,27,4.5,ML,501.4477564882717,112.07020069195904
600764868,2012-03-06,11:36:23.05,-0.8211,100.1022,103.8,4.9,MW,860.1784209339608,15.091311678035282
600773302,2012-03-10,16:00:55.44,-6.1837,103.746,71.2,5.1,MLV,1573.3265661106113,117.39352554203148
600821347,2012-03-13,08:29:15.87,-3.3656,101.795,55.2,4.5,MB,1196.1183236864335,65.95217726127292
600784070,2012-03-13,19:16:04.64,-4.6449,102.1331,37,4.5,MLV,1326.5598906815478,134.29448428246687
600794118,2012-03-18,02:01:54.30,2.1412,96.3306,30.9,5,MB,334.4930559891241,104.71938928466936
600834707,2012-03-28,13:45:17.94,4.6251,95.0209,48,5,MB,32.371235303227444,26.367974530946036
600829903,2012-03-28,21:37:06.02,-1.1612,100.4568,88.2,4.6,MLV,914.6730336595695,11.235670996957259
600853720,2012-03-30,05:15:57.48,-4.7185,102.5144,48.2,4.6,MB,1361.0830485378008,108.3474502166968
600838690,2012-03-30,22:02:10.88,4.5936,95.036,51.1,5,MW,36.0874322570297,27.490195586242294
601022981,2012-04-04,06:52:38.64,-5.6642,103.8011,45,4.8,MB,1534.8158875481688,73.52041486116096
600851391,2012-04-05,14:19:29.20,1.4299,96.9854,28,4.9,MB,441.97521900640527,104.00616531398998
600851685,2012-04-06,06:28:39.52,2.0122,97.8696,46,4.8,MLV,460.03614696246956,12.38661683833695
601023011,2012-04-09,19:49:20.98,4.0397,95.1633,37,4.6,MB,91.12151033649484,58.53721306479758
600998164,2012-04-10,01:50:20.98,3.332,96.7756,57.8,4.7,MB,269.69519367413017,20.926376276154407
601104740,2012-04-10,11:54:09.66,1.5855,97.031,28,4.5,MB,432.5732534503078,88.61362244940877
600862526,2012-04-12,11:01:57.92,-5.9316,103.2852,10,5,MLV,1518.241900907096,136.3235851011931
601105413,2012-04-12,23:30:27.81,-5.8675,104.7293,35,4.5,MLV,1620.7782587854713,12.29595931554572
602015121,2012-04-13,08:58:11.11,3.5126,94.7117,10,4.7,MB,100.6808451129713,135.05415471580793
600872998,2012-04-13,19:35:09.25,-4.6441,102.713,67.1,4.7,MLV,1369.798286642572,86.33136487762994
601106634,2012-04-25,12:00:23.23,-4.5277,102.6534,58.6,4.5,MB,1355.781803575482,82.47961901074096
601024311,2012-04-28,01:42:53.61,4.4015,96.4676,19.3,4.5,MLV,158.65966885746576,75.54994372213788
601134107,2012-05-02,08:35:06.98,1.1131,97.0797,25,4.6,MB,475.1018875349112,119.92894263484251
600972733,2012-05-02,23:54:26.17,1.1239,97.1658,25,4.8,MB,480.6484659679087,112.02563508762414
601119952,2012-05-06,05:03:41.90,2.1743,96.4638,26.5,4.8,MB,341.7240507216401,91.2826788821848
600983401,2012-05-06,16:58:34.15,-0.454,98.6318,32,5.4,MB,720.1323691310835,109.10710624327389
601189378,2012-05-08,06:14:29.81,-5.9677,104.1936,62.1,4.5,ML,1589.0215150971003,64.10450766158553
600992674,2012-05-08,22:23:50.06,1.9918,98.9177,128.8,5.2,MB,539.8525390350017,97.31114767039914
601008623,2012-05-13,09:10:21.47,-1.1935,100.184,74.9,4.6,MLV,896.9740666172648,36.21078898296877
601025437,2012-05-20,16:11:37.17,2.5375,95.8778,42.1,4.7,MLV,268.0419674282467,112.31205683763102
601215912,2012-05-25,00:18:46.08,1.3604,97.1618,28,4.6,ML,460.87919425991487,94.66920893798303
601216015,2012-05-26,17:18:02.94,-4.8425,103.0979,66.1,5,MLV,1414.8374341038862,69.49950955772624
601080562,2012-05-30,20:12:46.48,2.3144,96.328,30,4.9,MB,320.0465835078134,91.97762625545175
601112123,2012-06-10,15:12:09.22,4.7081,96.055,26.3,4.7,MLV,102.67498878260382,64.61094028280372
601119208,2012-06-12,04:56:47.22,-6.2665,103.8817,48,4.5,MLV,1590.2480975680512,112.47361947616916
601119212,2012-06-12,05:59:38.80,-5.7257,105.457,168.9,5.3,MW,1663.4260798337164,58.547327551862416
601475210,2012-06-16,00:26:55.73,4.8826,95.072,0,4.6,ML,15.021375358153009,2.8971785369954874
601133789,2012-06-19,04:27:56.72,-2.9132,100.9249,52.4,5,MW,1093.9151223825354,103.89754281711663
601135809,2012-06-20,09:59:03.58,-4.932,103.1532,62.8,5.3,MW,1426.3194992458275,71.68655165786448
601161210,2012-06-20,11:12:22.85,1.3856,97.0644,28,4.7,MS,451.52603806266205,100.81034231158968
601202662,2012-06-20,21:29:15.67,-3.7732,101.8508,10,4.5,MB,1233.817410241306,91.99097443551433
601161222,2012-06-21,10:00:00.10,-3.147,103.0111,200,4.7,MLV,1268.8663762169924,51.07945609037378
601189513,2012-06-23,04:34:53.60,3.0022,97.9116,101.9,6.1,MW,381.5526451524906,89.79044944005051
601191885,2012-06-24,04:47:23.76,1.3871,98.9074,98.6,4.7,MLV,588.9709321524789,51.29972416613991
601212501,2012-06-29,09:20:50.50,1.1323,97.1699,25,4.5,MS,480.26338662142547,111.05952994541785
601235559,2012-07-01,12:51:13.47,1.2636,96.9863,28,4.7,MB,455.73179925313514,116.36915788663818
601258039,2012-07-04,05:38:53.72,-2.3258,100.7262,77.6,4.7,MLV,1030.7232377771538,76.24465776193433
601243875,2012-07-07,04:34:56.91,-6.3817,103.9436,32,4.5,MS,1604.315402287108,116.0986775081954
601258362,2012-07-10,18:06:10.11,-5.0058,103.5111,100,4.6,MS,1459.0987370885757,47.693545096177345
601484384,2012-07-15,09:18:15.92,-1.0732,99.7397,35,4.5,MB,853.8908948143444,63.92877579065323
601484385,2012-07-16,07:16:53.70,-3.7979,101.8201,35,4.5,MB,1233.5563895765044,96.38643902281159
601404417,2012-07-18,04:33:59.14,-4.4542,102.6674,66,5,MW,1350.7854726693045,75.78233358686455
601472664,2012-07-18,05:00:19.21,2.6616,95.4653,25,4.5,MS,226.99171668939732,136.92638088965768
601627821,2012-07-20,19:18:56.22,-3.6473,102.948,10,5.2,MLV,1305.3555741929454,8.204736596656026
601456931,2012-07-22,09:39:15.19,2.5425,95.7952,47.2,4.6,MS,261.45535871785484,118.72831841660863
601467946,2012-07-25,00:27:45.82,2.6255,96.1109,28.6,6.4,MW,278.2249914149274,86.56237512779633
601499049,2012-07-25,00:40:15.35,2.5859,96.046,14.6,4.7,MLV,276.6329466288299,94.86145520501415
601666394,2012-07-25,00:46:52.65,2.6323,96.0328,25,4.5,MLV,271.82913536691717,92.4753491530806
601479697,2012-07-27,13:25:28.81,0.3512,100.0012,160.4,4.7,MLV,755.9711182815452,64.25294164179616
601484879,2012-07-29,14:11:07.44,-3.9459,101.3823,34,4.7,ML,1213.0271191425577,143.69576985400192
601484831,2012-07-29,14:21:17.56,-6.0904,104.3522,58.4,5.1,MW,1610.9263872017873,60.31583924867324
601497428,2012-07-31,06:50:14.99,-4.8466,102.9981,67.5,4.7,MS,1407.7238762946638,78.0534831077726
601518062,2012-08-04,02:00:29.34,-1.8195,100.3889,68.1,5,MW,963.8424408259687,66.16963996473078
601518148,2012-08-04,11:24:12.99,4.7794,96.2818,18.6,5.1,MW,113.70241559814957,88.54680905262005
601518343,2012-08-05,11:27:59.69,4.9881,96.4337,167.9,4.7,MLV,107.82768573265783,116.6067091476106
601532921,2012-08-09,01:55:12.84,-4.9333,102.9803,65.8,4.9,MB,1413.5183253352568,86.0666689646902
601765686,2012-08-09,07:08:09.12,1.6427,97.6957,10,4.6,ML,477.50548313194366,29.560730188876143
601534321,2012-08-10,04:41:42.88,1.8908,96.9688,27.1,5.1,MW,402.79097893133627,70.90858863976061
601765728,2012-08-10,11:35:51.38,3.4492,97.4944,35,4.5,MLV,313.61828864092195,88.8163053259106
601557027,2012-08-13,20:13:01.15,1.1513,97.168,25,4.7,MB,478.5572224978475,109.7951843187482
601565860,2012-08-18,17:16:02.65,2.1357,96.3079,28,4.8,MB,333.2488978731002,106.99863646761453
601565879,2012-08-19,01:57:04.22,5.0015,94.7451,48.2,5,MW,-19.146679873427573,20.753002976718534
601589478,2012-08-21,03:09:39.22,-4.7984,102.9742,68.9,5.2,MW,1401.9790509225297,76.39090825595056
601766272,2012-08-21,20:51:56.93,-1.3604,99.7365,56.6,4.5,MB,877.3088552994034,85.6997432685801
601625214,2012-08-24,23:03:10.85,-3.5425,101.5563,50,4.7,MS,1192.8489592341223,98.98346700006229
601626462,2012-08-26,11:27:04.50,-6.1142,103.5727,10,4.5,MS,1554.6874062191887,126.4251567001897
601626464,2012-08-26,12:02:42.49,-6.1492,103.6919,0.2,4.6,MB,1566.457895134052,119.24309793758596
601627743,2012-08-27,09:01:22.74,2.375,99.0124,150.9,5.1,MLV,515.2788552231674,133.73161295553783
601674454,2012-09-04,18:39:08.11,4.7739,96.1183,29,4.6,MLV,101.97561845260567,74.72318690624155
601685420,2012-09-06,14:50:37.48,-5.3591,103.4251,81.6,4.7,MLV,1481.6987403011055,81.49052609426889
601692009,2012-09-07,00:55:46.64,0.1329,98.4963,48,4.5,MB,661.6699102346322,76.38896352024074
601703094,2012-09-10,23:14:31.62,0.5465,98.4664,55.3,4.7,ML,625.3623989773743,47.92787944923801
601705107,2012-09-11,04:17:01.83,-6.4311,104.9795,65.5,4.7,MS,1685.6881939112975,34.41564881318838
601721804,2012-09-18,03:23:44.19,-6.424,103.6048,31,5,MW,1582.4874535306974,147.23862236810845
601734526,2012-09-20,06:54:32.52,3.0239,95.9558,31,4.5,MB,233.85912460592704,69.50704593449248
601735539,2012-09-20,20:47:44.67,-0.0234,98.7927,48,5,MW,696.6832576964983,63.60703679792356
601738740,2012-09-24,10:14:39.50,1.4703,98.9679,108.4,4.5,MLV,586.6184804346357,62.509263353569445
601768541,2012-09-29,20:19:08.82,2.4605,98.442,100.5,4.8,MB,465.7444000362212,93.06154188249177
601777959,2012-10-02,14:55:30.89,-3.4865,101.4965,50,4.5,MS,1183.776368307135,99.71652312355967
601777960,2012-10-02,17:37:22.82,-2.8813,101.9471,111,5,MW,1167.6053181901711,16.977857260711612
601906631,2012-10-02,18:23:34.55,1.2664,97.0134,28,4.5,MS,457.52695433247794,113.92687546909411
601779576,2012-10-03,03:06:07.47,1.272,97.0756,28,4.9,MB,461.7149387327428,108.38294775126917
601825518,2012-10-04,21:01:21.33,2.1547,96.5199,28,4.6,MLV,347.52924147311626,88.13174234476995
601833131,2012-10-04,21:23:35.17,1.9835,96.2656,28,5,MB,342.60984457814254,121.86514178621711
601795711,2012-10-09,04:41:58.54,4.779,96.3878,49.5,4.7,MLV,121.62979922307845,97.21400427664418
601834422,2012-10-15,11:33:40.08,1.9675,97.8283,55.7,4.7,ML,460.6388330172118,5.6423295563703615
601838141,2012-10-17,19:38:55.71,1.2293,97.1265,33.7,4.8,MS,469.0342959976501,107.38195311520724
601852916,2012-10-27,15:00:49.64,-2.1488,100.8259,81.4,4.7,MS,1023.5920106759576,54.72598976021744
601857802,2012-10-28,17:43:36.67,-4.4387,102.052,37,4.6,MLV,1303.5583616921706,125.45921932893455
601857844,2012-10-29,02:22:43.69,0.9009,98.3563,50.7,5.2,MW,587.939981338934,30.519651787827023
601860660,2012-10-30,11:43:57.84,-5.1316,102.9948,59.4,4.5,MS,1430.8899741039004,99.83766357401808
601864578,2012-10-31,06:53:57.51,-2.0739,99.614,30,4.9,MB,926.9002082928921,149.2785793535774
602000602,2012-10-31,09:56:27.40,2.4838,95.7833,25,4.5,MB,265.39351135484736,124.09947162641444
601883151,2012-11-09,19:59:46.83,0.8157,97.4348,27,5.2,MW,526.1270419039288,112.90069975938962
602054288,2012-11-09,20:17:17.75,0.8156,97.4767,27,4.8,MB,529.2667648751221,109.45347740258869
601890916,2012-11-13,12:12:09.25,-4.9496,102.9849,64.6,4.5,MLV,1415.2008773292562,86.91690150767568
601993778,2012-11-22,18:01:15.01,-4.5365,102.7939,75.8,4.8,MW,1366.9945640035376,71.53380911785571
601993958,2012-11-23,16:20:15.77,2.0643,96.643,28,4.7,MLV,364.167868654142,84.76033328956963
601994124,2012-11-24,10:51:33.66,1.0101,97.2138,25,4.7,MB,493.60453138588787,116.58036879215727
601994546,2012-11-26,11:09:07.33,0.3235,97.6687,19.4,5.3,MB,584.1331540393353,130.42521815507703
602090171,2012-12-09,21:49:29.58,1.919,97.922,52.5,4.7,MLV,471.62642282241075,9.742842338797942
602268547,2012-12-16,12:40:20.24,-3.091,101.1584,46,4.5,MB,1125.9859261580243,97.94715020222988
602054564,2012-12-21,07:30:45.55,1.0387,98.7306,71.2,4.5,MLV,604.514557882846,10.672954285169116
602059072,2012-12-26,19:08:04.48,0.8976,98.6463,88,4.5,MS,609.8563429349202,6.831304528915591
602065118,2012-12-30,19:25:54.56,-2.0239,100.6901,68,4.5,MS,1003.166463659374,56.5891025585774
602071318,2012-12-31,19:06:10.86,4.7835,94.8005,50,4.5,MB,2.8999091834071358,32.552379026052115
