event_id,time,latitude,longitude,depth,magnitude,magnitude_type,author,converted_from,magnitude_real
600671323,2012-01-04T19:03:52Z,2.0145,96.6345,30.6,4.9,MW,NEIC,MB,MB
600733134,2012-01-06T02:29:03Z,0.0931,100.3864,174.8,5.2,MW,DJA,MB,MB
600141855,2012-01-07T09:14:34Z,4.5512,96.3243,16.7,4.835,MW,DJA,ML,MLV
600657551,2012-01-07T18:39:17Z,-4.6408,103.1196,64,4.9,MW,NEIC,MB,MB
600733236,2012-01-08T00:34:35Z,2.0095,95.5752,0,4.625,MW,IDC,ML,ML
600142529,2012-01-08T17:05:48Z,-2.7189,99.7653,30,4.675,MW,BJI,MS,MS
600191352,2012-01-11T11:36:20Z,-1.6458,99.8798,33,4.835,MW,DJA,ML,MLV
600269160,2012-01-13T05:23:00Z,1.4169,97.028,28,4.8,MW,NEIC,MB,MB
600196518,2012-01-15T14:52:02Z,4.4427,94.8913,48,4.96,MW,BJI,MS,MS7
600212963,2012-01-18T21:16:25Z,-6.0766,104.1071,6.1,4.835,MW,DJA,ML,MLV
600320840,2012-01-21T07:27:25Z,-1.1096,101.4163,182.6,4.625,MW,DJA,ML,MLV
600229452,2012-01-22T00:55:37Z,2.186,96.0853,27,4.675,MW,BJI,MS,MS
600320846,2012-01-22T09:22:11Z,-6.8776,104.7079,35,4.9,MW,NEIC,MB,MB
600249992,2012-01-23T12:40:25Z,4.8408,96.055,29,4.94,MW,DJA,ML,MLV
600249997,2012-01-23T23:41:10Z,-1.8911,100.3207,68.6,4.9,MW,NEIC,MB,MB
600675216,2012-01-24T20:40:02Z,-2.6506,100.0847,30,4.8,MW,NEIC,MB,MB
600734626,2012-01-26T17:45:12Z,2.4635,95.8421,25,4.675,MW,BJI,MS,MS
601015304,2012-01-28T15:07:53Z,2.0812,96.5899,28,4.77,MW,BJI,MS,MS
600716012,2012-01-29T12:47:48Z,0.3113,97.654,29,4.7,MW,NEIC,MB,MB
600272776,2012-01-30T13:20:34Z,2.0319,96.582,29.9,4.865,MW,BJI,MS,MS
600844056,2012-02-01T05:41:42Z,0.2895,97.6298,29,4.625,MW,IDC,ML,ML
600319829,2012-02-03T17:40:02Z,-0.4557,99.0597,63.8,4.625,MW,DJA,ML,MLV
600320900,2012-02-05T15:05:58Z,-4.8336,100.7196,35,4.675,MW,BJI,MS,MS
600844605,2012-02-06T08:47:30Z,0.8003,97.2728,27,4.73,MW,IDC,ML,ML
600655821,2012-02-13T05:59:18Z,2.5903,95.7845,36.1,4.675,MW,BJI,MS,MS
600845462,2012-02-16T00:14:17Z,2.0229,96.6533,28,4.835,MW,IDC,ML,ML
600676070,2012-02-20T00:33:50Z,-2.9776,100.9887,51.9,4.675,MW,BJI,MS,MS
600845774,2012-02-20T08:05:00Z,4.4864,96.314,20.5,4.7,MW,NEIC,MB,MB
600845807,2012-02-20T17:49:26Z,1.0736,97.1552,27,4.7,MW,DJA,MB,MB
600780277,2012-02-22T02:23:47Z,-2.5526,99.5342,32,4.8,MW,NEIC,MB,MB
600701374,2012-02-22T05:38:40Z,-0.8381,101.1362,191,4.9,MW,DJA,MB,MB
602012807,2012-02-23T03:33:44Z,-6.97,101.85,68,5.8,MW,DJA,MB,MB
600714264,2012-02-24T14:13:05Z,-4.9145,102.937,67,4.96,MW,BJI,MS,MS
605088972,2012-02-24T18:50:24Z,-1.8589,100.3542,56,4.7,MW,NEIC,MB,MB
600846540,2012-02-28T18:35:05Z,-4.8393,101.6492,17.2,4.9,MW,NEIC,MB,MB
600738978,2012-02-28T19:13:56Z,-2.0634,100.6463,74.8,4.625,MW,DJA,ML,MLV
600834634,2012-02-29T17:33:20Z,-5.4146,103.3402,56.9,4.7,MW,NEIC,MB,MB
600954323,2012-03-01T09:58:32Z,1.1322,97.1391,25,4.73,MW,IDC,ML,ML
600752406,2012-03-01T11:19:47Z,1.2455,97.0224,28,4.865,MW,BJI,MS,MS
600929790,2012-03-06T09:33:51Z,2.0171,97.7417,48.5,4.625,MW,IDC,ML,ML
600954665,2012-03-06T10:51:04Z,0.9851,97.2912,27,4.625,MW,IDC,ML,ML
600771870,2012-03-09T01:38:33Z,-3.3956,100.3709,17.5,4.865,MW,BJI,MS,MS
600773302,2012-03-10T16:00:55Z,-6.1837,103.746,71.2,5.255,MW,DJA,ML,MLV
600929816,2012-03-10T19:15:59Z,-4.5579,101.7209,39.6,4.9,MW,NEIC,MB,MB
600821347,2012-03-13T08:29:15Z,-3.3656,101.795,55.2,4.7,MW,DJA,MB,MB
600929820,2012-03-13T19:04:35Z,-6.7298,100.6878,35,4.625,MW,DJA,ML,MLV
600784070,2012-03-13T19:16:04Z,-4.6449,102.1331,37,4.625,MW,DJA,ML,MLV
600794118,2012-03-18T02:01:54Z,2.1412,96.3306,30.9,5.2,MW,DJA,MB,MB
600826566,2012-03-28T08:54:16Z,-4.4424,101.2579,16.4,4.865,MW,BJI,MS,MS
600834707,2012-03-28T13:45:17Z,4.6251,95.0209,48,5.2,MW,DJA,MB,MB
600829903,2012-03-28T21:37:06Z,-1.1612,100.4568,88.2,4.73,MW,DJA,ML,MLV
600939838,2012-03-29T10:30:32Z,1.0126,101.5122,23.5,4.73,MW,DJA,ML,MLV
600939850,2012-03-29T13:43:31Z,1.1237,101.5647,10,4.625,MW,DJA,ML,MLV
600853720,2012-03-30T05:15:57Z,-4.7185,102.5144,48.2,4.8,MW,NEIC,MB,MB
600840084,2012-03-31T03:58:19Z,0.9777,101.5528,10,4.8,MW,NEIC,MB,MB
601022981,2012-04-04T06:52:38Z,-5.6642,103.8011,45,5,MW,NEIC,MB,MB
600851391,2012-04-05T14:19:29Z,1.4299,96.9854,28,5.1,MW,BJI,MB,MB
600851685,2012-04-06T06:28:39Z,2.0122,97.8696,46,4.94,MW,DJA,ML,MLV
601104492,2012-04-06T19:26:17Z,-3.3083,100.505,23.4,5.15,MW,ISC,MS,MS
601023011,2012-04-09T19:49:20Z,4.0397,95.1633,37,4.8,MW,NEIC,MB,MB
600998164,2012-04-10T01:50:20Z,3.332,96.7756,57.8,4.9,MW,NEIC,MB,MB
601104740,2012-04-10T11:54:09Z,1.5855,97.031,28,4.7,MW,NEIC,MB,MB
600860493,2012-04-11T09:51:35Z,3.4077,92.256,24,4.73,MW,IDC,ML,ML
600860497,2012-04-11T10:21:15Z,2.7867,92.4348,17.7,5.625,MW,BJI,MS,MS
600861244,2012-04-11T13:42:42Z,2.1135,93.6456,23.7,5.91,MW,BJI,MS,MS
600862526,2012-04-12T11:01:57Z,-5.9316,103.2852,10,5.15,MW,DJA,ML,MLV
601105413,2012-04-12T23:30:27Z,-5.8675,104.7293,35,4.625,MW,DJA,ML,MLV
600949304,2012-04-13T02:49:08Z,1.2784,95.6029,35,4.7,MW,DJA,MB,MB
602015121,2012-04-13T08:58:11Z,3.5126,94.7117,10,4.9,MW,DJA,MB,MB
600872998,2012-04-13T19:35:09Z,-4.6441,102.713,67.1,4.835,MW,DJA,ML,MLV
601030681,2012-04-17T03:16:22Z,-2.8148,100.0474,23.6,4.7,MW,NEIC,MB,MB
601106053,2012-04-18T19:01:09Z,1.5641,95.2317,35,5.1,MW,DJA,MB,MB
601106256,2012-04-21T00:02:53Z,1.0363,95.3903,35,4.73,MW,IDC,ML,ML
600959602,2012-04-21T03:55:45Z,1.168,95.6187,35,4.625,MW,DJA,ML,MLV
601106379,2012-04-22T07:02:25Z,0.1068,97.4833,25,4.73,MW,IDC,ML,ML
601106505,2012-04-23T18:50:29Z,1.0894,95.6205,35,4.625,MW,IDC,ML,ML
600933456,2012-04-24T04:06:17Z,1.1474,95.5865,35,4.835,MW,DJA,ML,MLV
601106634,2012-04-25T12:00:23Z,-4.5277,102.6534,58.6,4.7,MW,NEIC,MB,MB
601106658,2012-04-25T16:34:10Z,1.0574,95.4461,35,4.835,MW,IDC,ML,ML
600941258,2012-04-25T21:04:28Z,1.2447,95.708,35,4.9,MW,DJA,MB,MB
601024311,2012-04-28T01:42:53Z,4.4015,96.4676,19.3,4.625,MW,DJA,ML,MLV
601106861,2012-04-28T10:45:58Z,1.3344,95.6942,35,5.245,MW,IDC,MS,MS1
601134107,2012-05-02T08:35:06Z,1.1131,97.0797,25,4.8,MW,DJA,MB,MB
600972733,2012-05-02T23:54:26Z,1.1239,97.1658,25,5,MW,BJI,MB,MB
601119952,2012-05-06T05:03:41Z,2.1743,96.4638,26.5,5,MW,BJI,MB,MB
600983401,2012-05-06T16:58:34Z,-0.454,98.6318,32,5.6,MW,DJA,MB,MB
601189378,2012-05-08T06:14:29Z,-5.9677,104.1936,62.1,4.625,MW,IDC,ML,ML
600992674,2012-05-08T22:23:50Z,1.9918,98.9177,128.8,5.4,MW,DJA,MB,MB
601002720,2012-05-11T10:02:19Z,2.0375,93.6415,35,4.73,MW,DJA,ML,MLV
601007607,2012-05-12T16:12:18Z,-0.6471,97.2048,35,4.7,MW,DJA,MB,MB
601008623,2012-05-13T09:10:21Z,-1.1935,100.184,74.9,4.73,MW,DJA,ML,MLV
601015593,2012-05-16T19:18:29Z,0.9154,96.1089,35,4.625,MW,DJA,ML,MLV
601025437,2012-05-20T16:11:37Z,2.5375,95.8778,42.1,4.835,MW,DJA,ML,MLV
601215912,2012-05-25T00:18:46Z,1.3604,97.1618,28,4.73,MW,IDC,ML,ML
601216015,2012-05-26T17:18:02Z,-4.8425,103.0979,66.1,5.15,MW,DJA,ML,MLV
601118744,2012-05-27T09:21:55Z,-2.8529,100.1539,29,4.8,MW,NEIC,MB,MB
601036747,2012-05-27T10:58:02Z,-2.9867,100.0373,26.7,4.865,MW,BJI,MS,MS
601080562,2012-05-30T20:12:46Z,2.3144,96.328,30,5.1,MW,BJI,MB,MB
601104089,2012-06-06T18:27:57Z,0.227,96.9613,38.6,5.045,MW,DJA,ML,MLV
601112123,2012-06-10T15:12:09Z,4.7081,96.055,26.3,4.835,MW,DJA,ML,MLV
601119208,2012-06-12T04:56:47Z,-6.2665,103.8817,48,4.625,MW,DJA,ML,MLV
601122009,2012-06-15T05:12:14Z,-5.3099,102.5354,28.3,4.835,MW,DJA,ML,MLV
601475210,2012-06-16T00:26:55Z,4.8826,95.072,0,4.73,MW,IDC,ML,ML
601134201,2012-06-19T21:13:36Z,-2.9902,99.7491,21.2,5.245,MW,BJI,MS,MS
601161210,2012-06-20T11:12:22Z,1.3856,97.0644,28,4.865,MW,BJI,MS,MS
601202662,2012-06-20T21:29:15Z,-3.7732,101.8508,10,4.7,MW,DJA,MB,MB
601161222,2012-06-21T10:00:00Z,-3.147,103.0111,200,4.835,MW,DJA,ML,MLV
601191885,2012-06-24T04:47:23Z,1.3871,98.9074,98.6,4.835,MW,DJA,ML,MLV
601212501,2012-06-29T09:20:50Z,1.1323,97.1699,25,4.675,MW,BJI,MS,MS
601235559,2012-07-01T12:51:13Z,1.2636,96.9863,28,4.9,MW,BJI,MB,MB
601562067,2012-07-02T20:51:03Z,-6.4938,102.2542,24,4.835,MW,IDC,ML,ML
601663413,2012-07-03T01:55:32Z,-0.1017,97.1724,22,4.835,MW,IDC,ML,ML
601258039,2012-07-04T05:38:53Z,-2.3258,100.7262,77.6,4.835,MW,DJA,ML,MLV
601562074,2012-07-04T18:55:11Z,-6.5112,102.2026,35,5.4,MW,DJA,MB,MB
601243875,2012-07-07T04:34:56Z,-6.3817,103.9436,32,4.675,MW,BJI,MS,MS
601258362,2012-07-10T18:06:10Z,-5.0058,103.5111,100,4.77,MW,BJI,MS,MS
601484384,2012-07-15T09:18:15Z,-1.0732,99.7397,35,4.7,MW,NEIC,MB,MB
601484385,2012-07-16T07:16:53Z,-3.7979,101.8201,35,4.7,MW,NEIC,MB,MB
601472664,2012-07-18T05:00:19Z,2.6616,95.4653,25,4.675,MW,ISC,MS,MS
601627821,2012-07-20T19:18:56Z,-3.6473,102.948,10,5.36,MW,DJA,ML,MLV
601456931,2012-07-22T09:39:15Z,2.5425,95.7952,47.2,4.77,MW,BJI,MS,MS
601499049,2012-07-25T00:40:15Z,2.5859,96.046,14.6,4.835,MW,DJA,ML,MLV
601666394,2012-07-25T00:46:52Z,2.6323,96.0328,25,4.625,MW,DJA,ML,MLV
601479697,2012-07-27T13:25:28Z,0.3512,100.0012,160.4,4.835,MW,DJA,ML,MLV
601484879,2012-07-29T14:11:07Z,-3.9459,101.3823,34,4.835,MW,IDC,ML,ML
601497428,2012-07-31T06:50:14Z,-4.8466,102.9981,67.5,4.865,MW,BJI,MS,MS
601518343,2012-08-05T11:27:59Z,4.9881,96.4337,167.9,4.835,MW,DJA,ML,MLV
601520608,2012-08-06T09:47:53Z,0.6704,96.9803,23,4.73,MW,DJA,ML,MLV
601532921,2012-08-09T01:55:12Z,-4.9333,102.9803,65.8,5.1,MW,BJI,MB,MB
601765686,2012-08-09T07:08:09Z,1.6427,97.6957,10,4.73,MW,IDC,ML,ML
601765728,2012-08-10T11:35:51Z,3.4492,97.4944,35,4.625,MW,DJA,ML,MLV
601557027,2012-08-13T20:13:01Z,1.1513,97.168,25,4.9,MW,DJA,MB,MB
601565860,2012-08-18T17:16:02Z,2.1357,96.3079,28,5,MW,BJI,MB,MB
601766176,2012-08-20T02:56:04Z,-3.3496,100.7467,29,4.7,MW,DJA,MB,MB
601766272,2012-08-21T20:51:56Z,-1.3604,99.7365,56.6,4.7,MW,DJA,MB,MB
601625214,2012-08-24T23:03:10Z,-3.5425,101.5563,50,4.865,MW,BJI,MS,MS
601626462,2012-08-26T11:27:04Z,-6.1142,103.5727,10,4.675,MW,BJI,MS,MS
601626464,2012-08-26T12:02:42Z,-6.1492,103.6919,0.2,4.8,MW,NEIC,MB,MB
601627743,2012-08-27T09:01:22Z,2.375,99.0124,150.9,5.255,MW,DJA,ML,MLV
601674454,2012-09-04T18:39:08Z,4.7739,96.1183,29,4.73,MW,DJA,ML,MLV
601685420,2012-09-06T14:50:37Z,-5.3591,103.4251,81.6,4.835,MW,DJA,ML,MLV
601692009,2012-09-07T00:55:46Z,0.1329,98.4963,48,4.7,MW,NEIC,MB,MB
601703094,2012-09-10T23:14:31Z,0.5465,98.4664,55.3,4.835,MW,IDC,ML,ML
601705107,2012-09-11T04:17:01Z,-6.4311,104.9795,65.5,4.865,MW,BJI,MS,MS
601717992,2012-09-16T16:17:24Z,0.4813,96.8666,23,4.96,MW,BJI,MS,MS
601721506,2012-09-16T20:28:55Z,0.524,96.8226,23,4.625,MW,DJA,ML,MLV
601722615,2012-09-18T09:35:01Z,0.5747,96.8022,23,5.1,MW,DJA,MB,MB
601734526,2012-09-20T06:54:32Z,3.0239,95.9558,31,4.7,MW,ISC,MB,MB
601738740,2012-09-24T10:14:39Z,1.4703,98.9679,108.4,4.625,MW,DJA,ML,MLV
601780630,2012-09-25T14:06:22Z,1.6957,95.1552,35,5,MW,DJA,MB,MB
601768541,2012-09-29T20:19:08Z,2.4605,98.442,100.5,5,MW,NEIC,MB,MB
601775514,2012-10-01T13:26:03Z,-0.4952,97.5525,35,5.1,MW,BJI,MB,MB
601777959,2012-10-02T14:55:30Z,-3.4865,101.4965,50,4.675,MW,BJI,MS,MS
601906631,2012-10-02T18:23:34Z,1.2664,97.0134,28,4.675,MW,ISC,MS,MS
601779576,2012-10-03T03:06:07Z,1.272,97.0756,28,5.1,MW,DJA,MB,MB
601780667,2012-10-03T17:59:19Z,-0.4634,97.5338,35,4.625,MW,DJA,ML,MLV
601825518,2012-10-04T21:01:21Z,2.1547,96.5199,28,4.73,MW,DJA,ML,MLV
601833131,2012-10-04T21:23:35Z,1.9835,96.2656,28,5.2,MW,BJI,MB,MB
601795711,2012-10-09T04:41:58Z,4.779,96.3878,49.5,4.835,MW,DJA,ML,MLV
601833181,2012-10-14T01:02:39Z,-2.838,100.0229,24.7,4.96,MW,BJI,MS,MS
601834422,2012-10-15T11:33:40Z,1.9675,97.8283,55.7,4.835,MW,IDC,ML,ML
601838141,2012-10-17T19:38:55Z,1.2293,97.1265,33.7,4.96,MW,BJI,MS,MS
601838166,2012-10-18T09:00:08Z,-6.4653,97.9978,35,5.885,MW,DJA,ML,MLV
601839792,2012-10-20T16:29:53Z,-3.4939,100.5935,48.7,4.96,MW,BJI,MS,MS
601852916,2012-10-27T15:00:49Z,-2.1488,100.8259,81.4,4.865,MW,BJI,MS,MS
601852927,2012-10-27T19:18:56Z,-0.4626,98.0288,35,4.625,MW,IDC,ML,ML
601857802,2012-10-28T17:43:36Z,-4.4387,102.052,37,4.73,MW,DJA,ML,MLV
601860660,2012-10-30T11:43:57Z,-5.1316,102.9948,59.4,4.675,MW,BJI,MS,MS
601864578,2012-10-31T06:53:57Z,-2.0739,99.614,30,5.1,MW,BJI,MB,MB
602000602,2012-10-31T09:56:27Z,2.4838,95.7833,25,4.7,MW,NEIC,MB,MB
601869344,2012-11-03T02:10:08Z,-3.7174,100.6916,32,4.77,MW,BJI,MS,MS
601871346,2012-11-04T23:26:44Z,-3.5726,99.8358,35,4.73,MW,DJA,ML,MLV
601874912,2012-11-06T08:32:58Z,-5.3943,101.8313,29,4.94,MW,DJA,ML,MLV
602054288,2012-11-09T20:17:17Z,0.8156,97.4767,27,5,MW,NEIC,MB,MB
601890916,2012-11-13T12:12:09Z,-4.9496,102.9849,64.6,4.625,MW,DJA,ML,MLV
601993958,2012-11-23T16:20:15Z,2.0643,96.643,28,4.835,MW,DJA,ML,MLV
601994124,2012-11-24T10:51:33Z,1.0101,97.2138,25,4.9,MW,BJI,MB,MB
601994546,2012-11-26T11:09:07Z,0.3235,97.6687,19.4,5.5,MW,DJA,MB,MB
602032204,2012-12-08T20:47:25Z,-5.2631,102.2305,35,4.835,MW,DJA,ML,MLV
602090171,2012-12-09T21:49:29Z,1.919,97.922,52.5,4.835,MW,DJA,ML,MLV
602033212,2012-12-10T08:09:23Z,-0.4482,96.5865,35,5,MW,DJA,MB,MB
602043761,2012-12-15T19:16:48Z,-3.5888,100.4682,1.3,4.675,MW,BJI,MS,MS
602268547,2012-12-16T12:40:20Z,-3.091,101.1584,46,4.7,MW,NEIC,MB,MB
602054564,2012-12-21T07:30:45Z,1.0387,98.7306,71.2,4.625,MW,DJA,ML,MLV
602059072,2012-12-26T19:08:04Z,0.8976,98.6463,88,4.675,MW,BJI,MS,MS
602065118,2012-12-30T19:25:54Z,-2.0239,100.6901,68,4.675,MW,BJI,MS,MS
602071318,2012-12-31T19:06:10Z,4.7835,94.8005,50,4.7,MW,NEIC,MB,MB
