X_km,Y_km,Z_km,Lon,Lat,Strike,Dip,Rake,ux_m,uy_m,uz_m,sxx_bar,syy_bar,szz_bar,syz_bar,sxz_bar,sxy_bar,Shear_bar,Normal_bar,Coulomb_bar
-0.02200318321032782,-0.044477970657719836,10,121.3478,-8.3514,90,32,90,-0.1562337475210358,-0.000016998835963705217,0.49116128950482996,2.1618453555631625,10.177024231393483,-4.00184380935587,3.7722440686121823,0.0001654759109199523,-0.00005812194710346582,-4.7182981308177085,-3.4106836206343165,-6.082571579071435
-4.400636642231286,13.565781050636351,10,121.308,-8.229,90,32,90,-0.20592575104596378,-0.00363894879931953,0.9610577557603674,-6.218551687599608,-18.681694740343378,-8.868011599205232,47.818689332023254,0.03839806914859106,0.017630212699363407,25.372573670190395,-54.602988676823614,3.531378199460949
-131.9310865341207,12.420473306197298,10,120.1488,-8.2393,90,32,90,0.01936174327106638,-0.031147670132324168,0.020284618029096424,-1.0831755011328554,-0.5618611820751933,-0.06871419006216226,-0.04319303819899195,0.3375316452920958,0.14208432920121555,0.20268420849723107,-0.16837533428168305,0.13533407478455783
-36.54728731373813,-15.089151545666613,10,121.0158,-8.4867,90,32,90,0.015429873135727024,-0.021197688318120883,0.19267979733696922,0.6874320774844065,0.5686343804801264,-1.1208282575164514,-8.579246841326754,0.3263629343795446,-0.5274010203752975,-4.520133756657083,7.064573207159327,-1.694304473793352
-15.7982855456126,2.4240494008514593,10,121.2044,-8.3292,90,32,90,-0.18321878430188748,-0.013728482660149754,0.5523939183502062,1.9582514911453237,8.799247080020423,-4.188291610188136,6.295225930107762,0.14323419993580527,-0.019907588062859655,-3.076915815142091,-6.199314965969967,-5.556641801530078
11.947728483659834,-10.38560614860168,10,121.4566,-8.4444,90,32,90,-0.024204387423634566,0.00681340124192123,0.2686275905713532,1.5487321270642773,7.153701520460205,-2.9358567109577285,-5.661863684080268,-0.07332219909969345,0.0874487087738383,-7.016215110247294,4.986286168709123,-5.021700642763644
-0.7811130039955607,4.0697343151910434,10,121.3409,-8.3144,90,32,90,-0.20512595833420527,-0.0006393968730893929,0.5887999922252247,1.390553401580686,7.3534931827174255,-4.411700975960095,8.221072161747442,0.006290233247802594,-0.0004325178218960774,-1.6833624003055596,-8.496915437563567,-5.082128575330987
-84.2281853323227,23.840192272593534,10,120.5824,-8.1366,90,32,90,-0.19101257459410093,-0.0943672994386742,0.3949659012476445,11.501115881835704,-40.44930118800945,-34.82873456714285,-25.98822165381079,66.669804537012,38.540102797216825,-8.866620621558404,-13.049011863631067,-14.086225367010831
23.59841399397008,6.738412554660357,10,121.5625,-8.2904,90,32,90,-0.23268940619357992,0.02341710863410365,0.6446393258736864,0.9021465358293144,4.201876770176538,-4.898031645238169,12.261451101457212,-0.2722138101564161,-0.04773843188526182,1.2855946278227819,-13.363165330379381,-4.059671504328971
-136.0016754281846,23.66228038996226,10,120.1118,-8.1382,90,32,90,0.021383289552925788,-0.02272043568351151,0.014123990989283186,-0.7239982286523893,-0.551062598788888,-0.05296365469425204,-0.07931216366387157,0.2509162611455408,0.19994389051150288,0.18907601857042583,-0.12155172357278002,0.1404553291413138
-144.52790892250945,7.716927909132564,10,120.0343,-8.2816,90,32,90,0.016613772997416343,-0.020134329879941987,0.012974408367194268,-0.6365129447449984,-0.3854456305234863,-0.028533674807315928,-0.0073165932811347315,0.16235220032746936,0.008046629986457042,0.15718778703810263,-0.12218359052010969,0.10831435083005875
-84.52522830567385,22.928393874108103,10,120.5797,-8.1448,90,32,90,-0.20205876366686937,-0.16562426275429648,0.41942925743110493,-7.412850176565905,-29.955824520699426,-26.995147438871246,-18.25045373931743,65.962286928456,41.60015050768295,-6.6699528680448035,-11.42314911281188,-11.239212513169555
-119.12523390522527,28.75500803028303,10,120.2652,-8.0924,90,32,90,0.02469865401791993,-0.03275287240149741,0.022136515338863405,-1.1583285828290217,-1.1272649818506817,-0.18254011302900133,-0.30140743062583286,0.6410622188529438,0.567336785679722,0.29242822272964825,-0.1769292812102533,0.22165651024554692
-116.34183122901327,21.360545408419924,10,120.2905,-8.1589,90,32,90,0.02067574302384312,-0.0484325903618508,0.03391272064040951,-1.8981769312808197,-1.2044451310409618,-0.24225529369309742,-0.28572457696114373,0.9173523782576334,0.722081147692999,0.3071518381406317,-0.25564453249951585,0.20489402514082533
-52.730628565546326,11.686586790343144,10,120.8687,-8.2459,90,32,90,-0.1925849844233617,-0.10968319906949413,0.8032910031366465,1.760350977931727,-7.340861318555423,-6.448821928293288,29.782676563298597,2.4915008544140957,1.43864925564925,13.45674592601736,-33.46781183612575,0.06962119156706059
-87.58367077202512,36.51641391007312,10,120.5519,-8.0226,90,32,90,0.048656353164309274,-0.0071266684314997275,0.025797162766908466,0.34617948256047776,-5.5313474799391305,-4.382887609905045,-5.7046958515348685,4.336394715596498,-1.0265344715762557,-1.9846596157201573,0.42195495751904694,-1.8158776327125385
-102.95289424502145,24.818707627065542,10,120.4122,-8.1278,90,32,90,0.01211207711991591,-0.07125108012983264,0.06003286343280578,-3.2059449113824354,-2.9015143899078746,-0.9160136936401113,-1.1229460824281996,2.6234926664309866,2.027666637409061,0.40001094042780655,-0.4642736799858479,0.21430146843346737
3.597520455025397,1.2453831784191183,10,121.3807,-8.3398,90,32,90,-0.17379178655536037,0.0028529241149659046,0.5193100746982529,1.9996635286777993,9.531815240226859,-4.091383729128489,5.05473028529016,-0.027914540537759564,0.007173176201672686,-3.9063771507306386,-4.808954408083741,-5.829958913964135
-123.87792147883586,31.50152271840355,10,120.222,-8.0677,90,32,90,0.025659522683834923,-0.024903840940776578,0.016156242952585054,-0.8239086542929805,-0.910097542013422,-0.11882697944449985,-0.22167947777365074,0.43495015574113516,0.3995534882150704,0.2584167484331307,-0.14178297395240663,0.20170355885216806
-10.08845950231756,6.026765024135259,10,121.2563,-8.2968,90,32,90,-0.2203139965485178,-0.008648537684791596,0.6423709213686353,0.8187953627660562,5.123200531901508,-4.764376625788974,11.018669727292385,0.0883570976384295,0.006127941392100929,0.3868191436153321,-11.891317064762125,-4.369707682289518
11.166615479664271,17.368647541880087,10,121.4495,-8.1948,90,32,90,-0.07187562890784094,0.009090392014512533,1.560313039235644,-23.83571656172179,-57.73504407167225,-40.38898211535229,202.93786877822137,-0.10317686891879906,-0.06514204712558623,96.75737486977864,-227.65935478398603,5.693632956184231
5.786837184535095,21.416142871742075,10,121.4006,-8.1584,90,32,90,-3.2680193844525594,0.004261773023257226,7.308983247059414,-213.5617374867685,3670.2237476435744,-4526.866364741998,2806.4354071011294,-0.049191821529466065,-0.03776015572473146,-2453.4875871945674,-4747.412640224821,-4352.452643284496
21.66213387138775,19.61478506010027,10,121.5449,-8.1746,90,32,90,-0.08511153391877513,0.018548897211094983,2.979597079507297,-68.56798056670956,61.17770232781029,-338.86659341666234,793.404603638078,-0.24313934645655336,-0.17826767582776246,168.02697032902012,-939.6357179466476,-207.82731684963892
-67.06570242761818,43.63288921532498,10,120.7384,-7.9586,90,32,90,0.16031457509427027,0.0019490577281724708,-0.027434397572546343,-2.300506222849274,0.9041424559596116,-6.37822188083707,-8.241176593239237,1.610789002778072,-0.6555181547394929,-6.885366888516706,3.073891541236028,-5.655810272022294
-100.63155841624355,35.22655276099628,10,120.4333,-8.0342,90,32,90,0.030128832822353957,-0.03128019567580026,0.027701054321122576,-1.0142203659306983,-3.027773862696825,-0.9287272100665214,-1.5113171341334086,1.8387848658573245,1.0369293468586123,0.28078749189211194,-0.15980695001398573,0.21686471188651762
-7.470080700188491,12.142485989585957,10,121.2801,-8.2418,90,32,90,-0.22514292514699147,-0.006305555854924316,0.867860675856625,-3.7701465617740086,-10.601155973541857,-7.268793647794801,32.998123994414215,0.06646184785750062,0.02631936833156737,15.962979166566083,-37.86308644876228,0.8177445870611688
-7.07402340238852,15.989830451487611,10,121.2837,-8.2072,90,32,90,-0.1341349305316436,-0.005752749476046065,1.2437338395201631,-14.173729664752386,-41.272844190565664,-18.096454924385714,109.11468579531069,0.06276536041455939,0.03572229746176936,58.248130287197434,-122.67634934358253,9.177590549764417
10.957585239157558,69.28555879222465,10,121.4476,-7.7279,90,32,90,0.17954693070337535,-0.0020624167901414914,-0.04416772717189116,0.011646102653225816,1.0869828763223894,-0.4102564784778684,-0.796664012214667,-0.01263380993242783,0.0332736139972766,-1.02208942562977,0.7262268035108461,-0.7315987042254315
-31.233518568243063,27.85432912446203,10,121.0641,-8.1005,90,32,90,1.3876139716988458,-0.023113455450684328,0.44402770106061396,-31.470683878940974,374.01873370963654,-503.18349802030366,-230.21498751456647,0.4159031552814979,0.37858021910302364,-495.1316797243999,-49.93659615310014,-515.1063181856399
-37.328400317733696,24.118179589204875,10,121.0087,-8.1341,90,32,90,16.686218095528684,-0.03528080298601102,-15.566322316490057,408.38077016796257,2570.8618097598865,-942.3530544182125,18722.277610842608,0.6936772086148647,0.5873537487926047,6628.478005122038,-16783.26328657778,-84.82730950907535
4.620668474343945,12.253680916230454,10,121.39,-8.2408,90,32,90,-0.22681437092718348,0.003858768160650311,0.8699950181475471,-3.949118946217892,-11.13923106320897,-7.362870265005801,33.88700240530191,-0.04027437194999022,-0.015990624499094414,16.552169406707712,-38.88076286601947,0.9998642602999244
16.854438339748985,12.198083452908108,10,121.5012,-8.2413,90,32,90,-0.22994022128210356,0.015211891557925905,0.8600535731762091,-3.6837577059725826,-10.81063555452237,-7.2997976685832064,33.447369560391955,-0.17218034291283651,-0.0733881817644571,16.24012184596894,-38.34798822167622,0.9009265572984511
-20.84801609257435,3.6805520719350073,10,121.1585,-8.3179,90,32,90,-0.1956192147396988,-0.019498792956579247,0.5830130276163276,1.825407162160228,7.802405566947798,-4.32971504940426,7.738445580938664,0.21451428605271897,-0.006155921014324363,-2.0598276257993544,-7.878109370772831,-5.211071374108487
-72.68751573807035,43.3771408840425,10,120.6873,-7.9609,90,32,90,0.1371827203101003,0.008129004502557602,-0.02681214186285319,-2.067656344657363,0.482176575832232,-5.564621031764365,-7.195108721105318,1.9953959240140373,-1.4558937370923737,-5.871540905784965,2.600327852216821,-4.831409764898236
-100.31251225968207,34.8596095030693,10,120.4362,-8.0375,90,32,90,0.029312647509592088,-0.03258730341696589,0.02925493495499859,-1.0634618040179478,-3.1322763159416063,-0.9803215082562671,-1.5745823736250493,1.9364998194396268,1.0969992442959529,0.2768306036863454,-0.16939620083548626,0.20907212335215086
-56.999246108512516,30.222781061991142,10,120.8299,-8.0792,90,32,90,0.614387473686989,-0.05056571757663464,0.21111543437206143,-16.399574878688128,88.1805162244396,-157.12872869740283,-111.00961880164722,2.830298828613648,1.9037392774318422,-158.9046583176445,11.532430717203596,-154.29168603076306
-16.66741128245416,22.7393624988124,10,121.1965,-8.1465,90,32,90,-25.05318911641628,-0.01261543395480838,-7.4956607238454165,171.7340576790403,9960.073200490733,-9275.882677512673,-30696.808427684737,0.16147242920591046,0.1319798887510447,-22101.17642222024,23715.959897765937,-12614.792463113865
-71.7193756767784,3.3692062773301785,10,120.6961,-8.3207,90,32,90,-0.08879213578139938,-0.4291313605331847,0.33208538419079703,23.40331770785307,5.986515779374517,-9.533463758534618,0.9070606019205789,-5.230200556662739,-3.7969365861760096,-6.577003407407698,-5.9904902723069275,-8.97319951633047
-4.807695531638767,10.652473972548789,10,121.3043,-8.2552,90,32,90,-0.2353250732322375,-0.004045944776600557,0.7943747398412109,-2.0785611061813265,-4.727054038302717,-6.317137370533217,23.847284867493585,0.04170061033131372,0.013214008551230226,9.739382899104818,-27.30441669064146,-1.1823837771517667
12.178761907376874,16.178861826783315,10,121.4587,-8.2055,90,32,90,-0.13027496172065822,0.010152314102011617,1.2700405710858358,-15.108787924528114,-43.54013332888846,-19.78208425387144,117.90528126609519,-0.11463570814336893,-0.06722434676524706,62.36306989126124,-132.4262520113318,9.392569086728521
-33.46684166417498,26.6423044240364,10,121.0438,-8.1114,90,32,90,2.638717036908206,-0.026868783232985027,0.5223768443957671,-41.9105543901083,990.5510418408522,-1161.9701401223456,-265.23140605062764,0.4992414985375077,0.44433911208255805,-1083.606407075577,-319.1227300033794,-1211.2554990769288
2.0022896722164387,11.141731649784893,10,121.3662,-8.2508,90,32,90,-0.23482483664518927,0.0016727133049778686,0.8138189806758908,-2.5859003104292713,-6.437789014086117,-6.585416847695823,26.37003137199762,-0.017205616668685177,-0.0058391628079957686,11.493517384448321,-30.245188020123422,-0.6045578236010485
-118.56415273333923,17.83566623378733,10,120.2703,-8.1906,90,32,90,0.020058809590213222,-0.048742656180674,0.03363587120668665,-1.9075211405662647,-1.013042126568343,-0.19659415793230478,-0.1886443847763707,0.8065773323852349,0.5665816070453301,0.28421303137182247,-0.2563120761932562,0.18168820089451998
-91.46723260879571,36.22730710079735,10,120.5166,-8.0252,90,32,90,0.03770685773038729,-0.019193072538462114,0.0289811386691744,-0.1552171702447,-5.019149004066268,-2.6795594205014903,-3.7838541020221155,3.4200711262773114,0.33930700795470903,-0.6073278677402045,0.06435561105981487,-0.5815856233162786
-72.74252369609694,33.80325769994588,10,120.6868,-8.047,90,32,90,0.266865760731223,0.013848587921318156,0.036893247379298,-11.220934208346149,20.920541314737502,-40.05280989014828,-35.428963931628644,8.540376653457521,-5.228570882026616,-42.93227807118665,8.91272861496088,-39.3671866252023
-121.77661748216904,14.066158220536686,10,120.2411,-8.2245,90,32,90,0.01969229695676078,-0.04564701635205279,0.031028251216651204,-1.7536347909954875,-0.818531248688461,-0.14622355533607245,-0.10303127710634899,0.6480216126619063,0.3665772622786991,0.2569671369328731,-0.24241335630147756,0.16000179441228207
-40.44185074211312,62.224680950295124,10,120.9804,-7.7914,90,32,90,0.17445054632039375,0.0068624006493402945,-0.04392315905063693,-0.22083712320722376,0.8763457805291586,-0.7724030191764337,-1.4296410346618111,0.1027577697791193,-0.1575078968158522,-1.3676561823705633,0.9755422799283515,-0.9774392703992227
4.268617542964629,7.3055066805476665,10,121.3868,-8.2853,90,32,90,-0.2322034893914522,0.0035863195321349794,0.6738495041470229,0.20588398373259528,3.184689892599205,-5.079606673444356,13.361265278575884,-0.03605337510433531,-0.004774000842345063,2.1432429075170907,-14.767898655361137,-3.7639165546273645
-10.02244995268345,8.695443263604572,10,121.2569,-8.2728,90,32,90,-0.23441249628306376,-0.00865566600719056,0.7221235478235764,-0.5057020120715099,0.5427754631330693,-5.4980524290077915,16.692262705292897,0.08996547165299072,0.020084074194208528,4.60267627253672,-18.80460714703286,-2.9191665862764244
5.830843550957314,-3.869583447230514,10,121.401,-8.3858,90,32,90,-0.10443163437673392,0.004162516169890412,0.4041861828784205,2.3486448955282087,10.872579046704262,-3.810546681011499,0.16147575509269754,-0.041057784005858425,0.026249305831667562,-6.527766680627907,0.16755340369391925,-6.460745319150339
-4.708681207188382,11.920096136296767,10,121.3052,-8.2438,90,32,90,-0.22787511455907433,-0.00394058757637103,0.8549185555070298,-3.493919742773448,-9.590916437551654,-7.09753566320215,31.320183000629292,0.04102283272545311,0.01562117091746157,14.850382437200704,-35.948106965626174,0.47113965095023325
-86.61553071073473,33.55862886132783,10,120.5607,-8.0492,90,32,90,0.03653302237167616,-0.007957901366938636,0.05132983245507533,1.509063338434315,-8.310046898515324,-7.264954291287989,-8.546245690076317,7.175114403685357,-1.5393809512887158,-3.276766017296364,0.12288337191436982,-3.2276126685306163
16.13933488538597,6.115720965450897,10,121.4947,-8.296,90,32,90,-0.22701581394900833,0.014544295047162342,0.6334074916120509,0.9035821519421439,5.034061145256555,-4.7744260003484955,11.16672541877684,-0.15534485344242566,-0.015253604448323703,0.48726530287207925,-12.05664762974257,-4.3353937490249495
-78.72738952953281,44.22222232654116,10,120.6324,-7.9533,90,32,90,0.10342612029048248,0.011220893564454854,-0.02668030804081828,-1.032384332713961,-0.9543889445218947,-3.547624770352781,-4.91135765534953,1.9026333125092503,-1.7166634117407187,-3.3183899481201404,1.594892281004653,-2.6804330357182793
-11.276631395719038,-5.759897200187952,10,121.2455,-8.4028,90,32,90,-0.0741359926082033,-0.007807416459251287,0.3695978428085593,2.300865531929372,10.493858415576245,-3.679706845806946,-1.5934013447942514,0.07941906066364998,-0.06215750190208213,-7.068059210694668,1.7325743980896182,-6.37502945145882
-58.73749758219407,-27.34283246189687,10,120.8141,-8.5969,90,32,90,-0.10827915236122754,0.0175100098949188,0.01972655824380487,-3.591999507771136,-15.012102852958611,3.741634516974321,-2.3635185603395428,1.1679514147942378,-1.3710523833609856,7.391775405223644,0.5996309210779535,7.6316277736548255
-119.22424822967409,17.26857210790002,10,120.2643,-8.1957,90,32,90,0.020051612711154965,-0.04802846914140846,0.03300848636650322,-1.8710002819074567,-0.9721676410904722,-0.18535391785385988,-0.17130333194183212,0.7715376516729444,0.5279439975835281,0.27849730692364294,-0.2523361475293285,0.17756284791191154
-72.74252369609694,35.22655276099628,10,120.6868,-8.0342,90,32,90,0.2191981865086547,0.010107814848115959,0.018400203464195353,-8.210227061820007,12.139434793546812,-27.521767847043346,-26.17355009439736,6.6406350828056295,-4.125013737243874,-29.297355571635954,7.140301026314329,-26.44123516111022
4.5216541498935605,6.960802407949548,10,121.3891,-8.2884,90,32,90,-0.23026576382422698,0.0037968835972246595,0.6636702584272711,0.36945736295081216,3.7461004624051597,-4.989010240628465,12.675009158426214,-0.03811507326941438,-0.004291884222542992,1.630825553515983,-13.928287905601746,-3.9404896087247154
-60.69578088798673,54.151929275900216,10,120.7963,-7.864,90,32,90,0.1558176169903319,0.00952962428336121,-0.04137199265163338,-0.6965861256295591,0.5419262849520687,-1.6346811011192808,-2.6936618483800414,0.42122105317888253,-0.4397687874765929,-2.1589845134022054,1.3975888860127477,-1.5999489589971063
-70.6192165162198,22.883915903450184,10,120.7061,-8.1452,90,32,90,-25.834893956372806,-0.1698163943184997,-16.164927105549335,438.2073290227998,-1663.6134301360944,3406.7786246466617,-37344.78827775402,40.974311114030286,26.123873240184487,-14092.258568293657,35548.21275146619,127.02653229282078
-17.228492454338628,28.29910883104022,10,121.1914,-8.0965,90,32,90,1.1406900833415283,-0.010950558144553951,0.3968559519018532,-28.35630825875742,273.2567374413685,-388.9533135931918,-201.96533324400298,0.1540744399037133,0.14473830067866902,-386.13100038047696,-21.46993874101142,-394.71897587688153
7.877139589595972,6.382588789397808,10,121.4196,-8.2936,90,32,90,-0.22720775720490816,0.0066827585445482784,0.6457024478435968,0.6486939884043088,4.622403357032217,-4.846333951471911,11.61832608256749,-0.06765535081460601,-0.005729524488430783,0.8379165691574064,-12.62985822448057,-4.214026720634822
-60.189707674130425,31.779510035014894,10,120.8009,-8.0652,90,32,90,0.4331895471952578,-0.04439112748421639,0.12652911399963362,-11.893137861425876,42.05017738943574,-89.42769338922545,-72.19005685304833,3.4430810265565466,1.8805605926877473,-90.73180174741545,12.377182806309435,-85.78092862489167
-142.63563516634935,25.19677037765715,10,120.0515,-8.1244,90,32,90,0.020510410265550227,-0.017905384200577745,0.010888626193292228,-0.5388649419020602,-0.4497469177174568,-0.03366828242111263,-0.05617020418462455,0.1716306693631006,0.13873497698898385,0.16236110327452777,-0.10002372071408924,0.12235161498889208
-86.46150842825618,26.875813769990025,25.082,120.5621,-8.1093,90,32,90,0.3754601068596315,0.24141236769726682,-0.10875134869518072,4.705942203258039,4.173990921486062,-6.1492056337547565,-3.6780543697020516,-10.555072087616553,-23.009405175719213,-6.251566713312125,0.05551025709350664,-6.229362610474722
18.471672305769832,7.939317762421558,34.484,121.5159,-8.2796,90,32,90,0.5291659816372293,-0.0035650450554900737,-0.8426205690656223,7.213001576956807,15.973841706526432,14.010740875539703,25.680822165905077,-0.3556566008481264,-0.10142604939199663,10.375519793766259,-8.519762157021216,6.967614930957772
-139.9292436313774,19.837174913389465,4.078,120.0761,-8.1726,90,32,90,0.016742256076876738,-0.02410190313458041,0.007482983754215522,-0.722003079629287,-0.44079717246448047,-0.006479848712981903,-0.019739197313186598,0.08315467939390757,0.1399232191116163,0.18652781783333985,-0.11070094592326082,0.1422474394640355
-35.2821042790966,34.136842479879576,35,121.0273,-8.044,90,32,90,0.46044727018302845,0.024455165224653935,-0.530411107689677,3.1796835943518587,6.305793840829161,11.468734269565836,13.66418058207568,0.25414826058801077,-0.7237491790800094,8.310192571070456,-2.2623780412543155,7.405241354568729
-109.48783965873585,10.252172236628322,35,120.3528,-8.2588,90,32,90,0.06374935521378794,0.063003967125414,0.08506071858309777,3.339526557034729,-3.1396725576426836,-2.7914995088012597,-0.6560709685952715,1.3012303240422811,0.957948287269476,-0.13113465118787945,-2.2995988433479817,-1.0509741885270723
-113.5034205947731,13.443466631327224,25.42,120.3163,-8.2301,90,32,90,0.04461579132643323,-0.0024144539274169874,0.07421770349871779,0.2190247936832318,-1.8885029178404893,-1.7204724719763957,-0.5641256875826354,2.023812981900922,0.6830219737299686,-0.17178404242895567,-1.2606250359202844,-0.6760340567970695
-5.544802169212108,4.625708948413727,9.984,121.2976,-8.3094,90,32,90,-0.20938851198874658,-0.004606029995856187,0.6045169711357837,1.2466182849181133,6.75502873445667,-4.477525532801733,8.927966811572288,0.04571091525331107,-0.0013081383668353472,-1.1341134003883107,-9.347665662724566,-4.873179665478137
-52.092536252423365,22.861676918121322,35.898,120.8745,-8.1454,90,32,90,0.38065521934043656,0.1091967361677412,-0.6426555089111947,0.22657492582647265,6.080893719297158,21.87842105875077,11.010305245031848,-0.30548753778288956,-2.8742312311945066,11.92596189623702,7.546250674966892,14.944462166223776
20.1329126382129,20.815690267861473,32.307,121.531,-8.1638,90,32,90,0.4974629868403534,-0.004578476601332371,-0.8050568493521808,6.233219678519571,6.558595882941093,19.86017591878451,6.829800878445167,-0.36747465124035955,0.0031674963785225524,8.971678114719019,9.986315981117151,12.96620450716588
-5.973864241829917,10.363367163273017,16.658,121.2937,-8.2578,90,32,90,-0.5123475226689304,-0.004011398665159094,0.5853788442988687,2.3483422849077833,33.286910773245594,-26.082728880480367,15.253596190351855,0.0840203227354815,0.017785089690737537,-19.99380287122587,-23.120719003886357,-29.24209047278041
-5.445787844761725,0.8450814424986521,39.838,121.2985,-8.3434,90,32,90,0.008739220152592542,0.0017868842977148691,-0.8813983710183617,8.429106519825233,-20.452479116240458,55.256422390115986,51.17062360670534,0.07722543775756159,0.03677663174168028,56.45507991526526,-11.9955812184432,51.65684742788798
-25.622706849396845,9.65171963274772,10,121.1151,-8.2642,90,32,90,-0.23065289767265007,-0.02624361162270325,0.756485690315359,-0.7017885860016807,-1.6216986207163853,-5.8141794437210885,19.7296368043572,0.3229233312483678,0.111349320816671,6.764815110188026,-22.3697504407558,-2.1830850661142946
-68.0668472637264,93.61500874205409,10,120.7293,-7.5091,90,32,90,0.10006500790360504,0.019024048876062627,-0.026090742706185888,0.07207544965700904,0.7575744272476185,-0.034486579778374986,-0.03352996393520975,-0.01850417327485903,-0.4471377049967816,-0.3706484274524171,0.21807210970376592,-0.28341958357091074
2.343339011988246,15.989830451487611,10.465,121.3693,-8.2072,90,32,90,-0.21866431321776814,0.0018607013998402644,1.2304676293420598,-13.88081918937415,-19.587385536674567,-38.48447852746581,111.94280436507258,-0.021174951130664026,-0.011419091034213496,40.58019818805977,-133.7914282841063,-12.936373125582755
-56.82322064282207,61.335121537138654,10,120.8315,-7.7994,90,32,90,0.1540265647699527,0.012563119064446099,-0.04181580351876901,-0.31852376848599956,0.8333467769236753,-0.7499305771230736,-1.3572126173574017,0.18413985445293793,-0.41903659353152406,-1.3064829812363277,0.9145311652539181,-0.9406705151347604
-67.1097087940404,-12.709580115472875,10,120.738,-8.4653,90,32,90,0.017173020025985586,-0.13600748780801164,0.15686736046003036,5.890273874726311,3.852173683376434,-2.68745830581932,-7.075983328188977,-0.748573578348947,-4.377249660878113,-6.040798074676957,5.508816388525835,-3.8372715192666225
-141.1064139331745,28.76612752294746,10,120.0654,-8.0923,90,32,90,0.021562371624560206,-0.0169705849977623,0.010310871367744334,-0.506941731336147,-0.4783643228802503,-0.03614740220732385,-0.06891313799918915,0.17555117152899785,0.15735818648422847,0.16852143640325015,-0.09838957507586034,0.12916560637290603
-81.99486223639077,61.179448639836345,6.808,120.6027,-7.8008,90,32,90,0.08875841800805317,0.015522184907543896,-0.03137291716016222,-0.0589544266293343,-0.4394428533890114,-0.1954486399848518,-0.604303247238281,0.20435382308557365,-0.608843259610049,-0.1552588343306551,0.27917842566002904,-0.043587464066643475
11.386647311775368,-5.1260861183140625,10,121.4515,-8.3971,90,32,90,-0.08799897030334292,0.008058780737233484,0.3746462057688462,2.3507848430730616,10.6852699954092,-3.7289019879473284,-1.007527309433804,-0.08172185199717351,0.05957489680345798,-6.919356882544362,1.224364999754361,-6.429610882642617
-109.13578872735809,46.890900566010565,10,120.356,-7.9293,90,32,90,0.04224920166023982,-0.006143599373069519,0.002964274240359832,-0.18109392372358138,-1.2724948224683283,-0.22522894410692995,-0.5093341646041786,0.4667940365980154,0.13549247492055572,0.24736076634535578,-0.061529796519455206,0.2227488477375737
-69.16700642428344,67.49532047324728,10,120.7193,-7.744,90,32,90,0.12210569140808658,0.018903872255922965,-0.03721334657972303,-0.08959704116573976,0.6644022584544375,-0.32007315603362946,-0.6117315597989472,0.1118230220629913,-0.6474823420210473,-0.7105857860310252,0.5062024268736074,-0.5081048152815822
-91.31321032631716,41.431229667762715,10,120.518,-7.9784,90,32,90,0.05502502187127728,-0.005027065974111344,0.005346880155021438,-0.08708593528360732,-3.1623146432107783,-1.6686032862328495,-2.636185237401092,1.9110562780818041,-0.32115221996195487,-0.48435810839734683,0.28132861186118563,-0.3718266636528726
-73.36961441761552,4.759142860387281,10,120.6811,-8.3082,90,32,90,-0.08767198791677422,-0.5071177876448139,0.32631088759982285,25.969717237581904,4.117126660734148,-11.37175113941697,0.643732963071079,-9.726548011439263,-6.168523019083642,-6.678461618068182,-7.600834155820283,-9.718795280396295
-85.86742248155544,18.113653550398674,10,120.5675,-8.1881,90,32,90,-0.1524404926476981,-0.37034005524233093,0.41595628161428144,-44.20215264226609,-7.044103321362951,-0.4473996090287785,4.753484591459129,35.71225581245763,19.178970740642345,5.048329502524933,-6.572252829472309,2.419428370736009
-111.97419936159669,11.441957951725092,10,120.3302,-8.2481,90,32,90,0.015293574143444566,-0.07328035801408073,0.05333309848817569,-3.227663870778725,-1.1443214776904969,-0.28883116539379444,-0.11383395632771338,1.2890061173082006,0.6797910488792012,0.3345532777005282,-0.4267519046938917,0.1638525158229715
-30.892469228469693,26.01961283482674,10,121.0672,-8.117,90,32,90,3.982799588730325,-0.02455377709920148,0.3778820951152771,-44.27703239908641,1774.3615741499627,-1955.0638553659214,-96.17224539326298,0.4235036214015893,0.37574134714130275,-1718.1518235851202,-821.3483502299052,-2046.6911636770824
-80.04758052220251,-1.011873832465299,15.605,120.6204,-8.3601,90,32,90,-0.0823180369459259,-0.8554667535788228,0.27301458729149447,-30.945113730534207,14.48866851723061,11.507047801755407,12.75161089258652,-47.76477429641283,-28.030304506271275,4.250006816695555,0.8832579623461677,4.603310001634021
-81.00471899188851,11.953454614290253,10,120.6117,-8.2435,90,32,90,-0.17113211081523932,-0.8442370026216138,0.5004437085652481,-69.44333713635008,2.6579381907325828,26.86891901353537,29.271418203249855,-26.86250895537489,-19.126685005869724,23.712087875200538,-6.238850091589847,21.2165478385646
-90.62011005516605,62.50266826690657,10,120.5243,-7.7889,90,32,90,0.07916008050041784,0.016505326633953377,-0.02276992927943383,0.13298118570048012,-0.34285995597924884,-0.23953843045368764,-0.5206518629075361,0.19654940265700677,-0.6253505346160321,-0.1818063682221852,0.19940618917571387,-0.10204389255189966
-90.59810687195414,56.72053208138946,10,120.5245,-7.8409,90,32,90,0.07711290045885089,0.013625165485153745,-0.02064879399446612,0.09038831950306997,-0.725514879573758,-0.4019140266922921,-0.8215205026834257,0.3693429927377,-0.6387482678620698,-0.21470562489847558,0.2455919220813227,-0.11646885606594651
-57.93438139498662,4.025256344533126,10,120.8214,-8.3148,90,32,90,-0.1563803063187335,-0.15826170448402108,0.517535147966464,9.312315462171336,8.086402685059022,-4.382478290321863,7.4194899446006515,2.478508844767405,0.6604571964938841,-2.3509876767380287,-7.549630017592136,-5.370839683774884
5.566805352423999,115.62048472501222,10,121.3986,-7.3112,90,32,90,0.11603051102849188,-0.001636368162228452,-0.016826277621488306,0.022047353479907987,1.0360509121030923,-0.008714085132578748,0.047337410531663224,0.0021531285917411585,0.02990093038953782,-0.4487629247078028,0.24212441575053412,-0.3519131584075892
-79.43149139228989,54.65230644580075,10,120.626,-7.8595,90,32,90,0.10185933934272356,0.016053048757393357,-0.03530868995607617,-0.23449812701870582,-0.3056124866864144,-0.8953262677269939,-1.5789977524454781,0.5284797143050297,-0.928228187311645,-0.9572026732268217,0.6894676485750165,-0.681415613796815
-110.26895266273297,-31.646076123041336,10,120.3457,-8.6356,90,32,90,-0.029012073081134987,0.020101722741257988,-0.0015175676496627655,0.48122500230307774,-1.4473974070435096,-0.1355831899141923,0.10758983209838342,0.4049864107399719,-0.42810064752301447,0.6366896821830291,-0.6006606476426076,0.39642542312598605
-96.34093769006702,51.13854676383268,10,120.4723,-7.8911,90,32,90,0.06197973737717555,0.005575062061137698,-0.00955953946273791,0.05586601335719991,-1.335952191777738,-0.45072067744776445,-0.919417271666809,0.5643822692536785,-0.3522442489778487,-0.005225596420175914,0.12706031228133166,0.04559852849235675
10.6825454490183,-10.986058752482279,10,121.4451,-8.4498,90,32,90,-0.018542238634298436,0.005848833571731327,0.2579516599075299,1.3868817756110512,6.454097143239632,-2.7739279135480555,-6.129920478781659,-0.06324318496446972,0.07917475499158967,-6.834227260079519,5.326970682090902,-4.703438987243159
-87.27562620706956,55.341714990996984,10,120.5547,-7.8533,90,32,90,0.08333266056823013,0.01427468998656145,-0.024042762216235414,0.020717588248497232,-0.7198745625426909,-0.5548694470005229,-1.0701764765626036,0.4549770964751579,-0.7511755542572385,-0.3949816815683394,0.36066298171542344,-0.25071648888217
112.8543266900442,15.36713886227815,10,122.3738,-8.2128,90,32,90,-0.011001898522740194,0.06595768348953017,0.0032233843749203683,-2.824246194082287,-1.248894536260378,-0.30261082729376215,-0.22046613536555096,-1.2422690711283395,-0.8100315182295172,0.3286110892761914,-0.3701872945561681,0.18053617145372416
-92.28135038760755,56.02000404352879,26.535,120.5092,-7.8472,90,32,90,0.12084861736601682,0.03145569777650009,-0.035323345235382664,0.527453067420209,1.2179635676313143,-1.0787969660303416,-0.2722021306837869,-0.3632014560605281,-1.5983961699176115,-1.1514829069012789,-0.18917981927155492,-1.2271548346099008
-19.912880806100244,62.99192594414257,12.56,121.167,-7.7845,90,32,90,0.19788063382427426,0.00288964621691129,-0.050355005050011115,-0.031764285582022156,1.550102299669297,-1.098341983303663,-1.503899944313415,0.04568697537732739,-0.0506180051495056,-1.8494693199902827,0.9970756955944469,-1.450639041752504
-39.869767978622704,50.604811115938766,36.184,120.9856,-7.8959,90,32,90,0.3153944005490721,0.020547018446186116,-0.2284780353289234,1.2384324909785704,6.91598195199383,0.46346375100295756,6.102753842743851,-0.14142152578576028,-0.8848180142648068,-0.22447127072873263,-3.209694870112024,-1.5083492187735423
-7.041018627570683,17.84678572645176,13.787,121.284,-8.1905,90,32,90,0.5033230533907417,-0.004928812185771958,-0.22855496823063293,-3.7073765685571356,150.78859645306414,-167.9123511104163,-9.925041799596794,0.0842341275380673,0.03844385501178918,-147.57410906559838,-69.49595878301238,-175.37249257880333
-87.38564212312433,50.349062784656276,11.509,120.5537,-7.8982,90,32,90,0.08682934144311424,0.01475077691770832,-0.020697899672923126,0.06607737615894706,-0.8823196319273895,-1.164298715702049,-1.7240826217542558,0.7964713474862379,-1.0650385998740846,-0.8825086368963113,0.464480274783449,-0.6967165269829317
-116.83690285126363,8.684323770940143,10,120.286,-8.2729,90,32,90,0.017378720722437013,-0.0593138244077408,0.041937781129889384,-2.4618594557208016,-0.8664327309033787,-0.18736505550730365,-0.041913508240061126,0.8695829127518404,0.32503248219202874,0.2867973191669548,-0.34038544373427787,0.15064314167324364
-88.83785221506226,55.008130211063296,32.686,120.5405,-7.8563,90,32,90,0.14463186918486026,0.03170578729307694,-0.05880752179724072,0.4097752989297779,2.1354636653097825,-0.9011009721720586,0.5308527242629311,-1.0489101646173822,-1.6104515346331945,-1.1319125911743866,-0.525517082676391,-1.342119424244943
-113.92148107578497,41.342273726447075,16.548,120.3125,-7.9792,90,32,90,0.04682040244354674,-0.00352531978573542,0.015369292834267245,-0.02935578024292739,-1.1643393112120815,-0.4978561688683556,-0.6516521655224593,0.6729614656061879,-0.006957745201397471,0.013850033040984297,-0.09931316369826922,-0.02587523243832339
-56.90023178406212,44.1666248632188,10.617,120.8308,-7.9538,90,32,90,0.197570106880832,-0.004196527796622634,-0.032839869083642725,-1.9281277384403912,1.7075370807445762,-7.435801865871117,-8.900347701818552,0.9624962116239268,0.021640490216934698,-8.01064493312447,3.1313591420691385,-6.758101276296814
-5.489794211183943,16.33453472408573,8.996,121.2981,-8.2041,90,32,90,0.04501195524253898,-0.004521461366532392,1.2751518152437515,-15.021349415397538,-90.86345542511982,28.09849974712219,98.50438018492054,0.04321326151162975,0.027962622688728744,96.64262662787065,-93.84288392703175,59.10547305705796
-39.12165974944342,54.22976572455142,24.864,120.9924,-7.8633,90,32,90,0.30693755509604004,0.01236927213745545,-0.13253633279814903,0.5663951091273745,7.7086854500378985,-3.492700701856767,1.194262586980813,0.14412623679857162,-0.4622878205285238,-4.510339331988361,-1.4205859753223078,-5.078573722117285
-104.24008046287489,42.798927265490754,25.145,120.4005,-7.9661,90,32,90,0.09467965223057806,0.029461230204904654,0.005419055343652307,1.0291811936552695,-0.5577183765298946,-1.4368650138201176,-1.0173187076025547,0.2952010950609001,-1.4945446032858156,-0.8410490502119068,-0.27562795738540496,-0.9513002331660688
-101.36866505381845,51.03847132985252,9.204,120.4266,-7.892,90,32,90,0.052747487118766284,0.0014038224889114381,-0.005797258640789171,-0.014438198164566445,-1.30749461442225,-0.2684113874155537,-0.6397285764986609,0.4503517478355013,-0.11671468465634889,0.18652235930801017,0.0147832878016462,0.19243567442866866
-82.9299975228649,-21.50509881305751,9.504,120.5942,-8.5444,90,32,90,-0.0343428497791089,-0.03694285715030063,0.031758187968589646,-1.591077686455521,-4.44619502740793,0.639011076954214,-2.1155644700128864,0.9132409910822182,-4.536499443050898,1.3578740625766614,1.1124685907968022,1.8028614988953824
-73.33660964279925,46.9798565073262,10,120.6814,-7.9285,90,32,90,0.12704449183591637,0.010929761214650058,-0.03349465341441893,-1.2207391683210251,-0.032792761043963094,-3.123474290664653,-4.4882876952787045,1.2787431743057636,-1.1809377711278757,-3.3564789030135707,1.7784799294901807,-2.6450869312174983
-72.52249186398585,21.549576783715626,10,120.6888,-8.1572,90,32,90,-3.867646753711304,-0.2813288553467138,7.347699325915436,-195.62620546794219,4748.5173981567295,-5634.196116488494,2836.781970337918,85.02420727269651,52.13738720367521,-3422.397180168901,-5268.2631198531635,-5529.702428110166
-81.99486223639077,44.9561088423952,10,120.6027,-7.9467,90,32,90,0.09059800642406385,0.010210612372270056,-0.020772902007320293,-0.534670747315337,-1.5635742572538494,-2.557339653913788,-3.7568060773105882,1.682567051766742,-1.4520790253023081,-2.0934705993428593,1.0983189415169061,-1.654143022736097
-70.993270630811,48.62554142166559,10,120.7027,-7.9137,90,32,90,0.13420185371402882,0.010777591876837606,-0.03596004454538809,-1.1115049632155147,0.1501304928515481,-2.691742882420097,-3.9972660893684764,1.0048919009539878,-0.949670186110628,-3.0294155546326866,1.6990151225400771,-2.3498095056166557
-139.73121498247664,15.411616832935872,10,120.0779,-8.2124,90,32,90,0.01903642571163494,-0.023103324339886128,0.014513999026223745,-0.741595836937195,-0.4588548964947694,-0.041196401051229105,-0.03695768716077015,0.21605898675696183,0.10531060386068279,0.1714933008421221,-0.12526358278101915,0.12138786772971444
-83.96414713378938,55.274998035010206,10,120.5848,-7.8539,90,32,90,0.09088166386731336,0.01545352654036436,-0.02865176742301251,-0.06393068321088581,-0.5547656666351715,-0.6694373426696897,-1.243791621006754,0.4784108827970323,-0.8442458826118228,-0.5967754691168622,0.48067662208149114,-0.4045048202842657
-106.99047836426905,19.714860494080337,10,120.3755,-8.1737,90,32,90,0.01303492707626086,-0.07653335676142034,0.059314313767290905,-3.4848554293542318,-1.9696989269039205,-0.5621641938615878,-0.5484058291518321,1.9952111884841721,1.4988423699141065,0.3921366267777645,-0.4645163586507166,0.20633008331747785
-48.913076278409825,71.42050138380014,10,120.9034,-7.7087,90,32,90,0.1520579654322996,0.013247053213371357,-0.03865177165929662,-0.08264665223242937,1.1119383083301984,-0.29423745850729116,-0.5514859354997323,0.05123297425474127,-0.3412991636212285,-0.8736867256249155,0.5963092586085591,-0.6351630221814918
-119.20224504646376,57.08747533931653,10,120.2645,-7.8376,90,32,90,0.04073741854233828,0.002045956626819251,-0.0021485160524209457,0.019886196392503684,-0.639712952911721,-0.06659010190175324,-0.19176893917802068,0.14746159761726915,-0.04949396542764002,0.173493733356888,-0.055170485884292485,0.15142553900317102
-88.92586494790669,87.55488523992564,10,120.5397,-7.5636,90,32,90,0.07748526003716086,0.019937079263762536,-0.02189444060432527,0.15405185902563434,0.3167041867648513,-0.03482392740660918,-0.06588899135160713,-0.009481554095605657,-0.48931132590094656,-0.18685952076162085,0.12311087155363042,-0.1376151721401687
-86.15346386330064,46.55731578607688,10,120.5649,-7.9323,90,32,90,0.07854551460224996,0.008211694860580598,-0.01587446545046506,-0.16207557296503763,-1.7961045239338893,-1.5307017085590082,-2.4790690126840107,1.2699291736522127,-0.9742103058826408,-0.9674810908945656,0.6229418209871621,-0.7183043624997008
-12.717839896051013,30.88995062185852,10,121.2324,-8.0732,90,32,90,0.5045067304528335,-0.007097293683565015,0.19419144159558077,-15.454532253239424,59.51176750625327,-123.21591413002352,-93.79829254960437,0.09974078928920733,0.09783250838784364,-123.23574124619505,12.402001910224726,-118.27494048210515
-62.29101167079569,46.25708948413657,10,120.7818,-7.935,90,32,90,0.165851252304829,0.001398205957969828,-0.03339899441151917,-1.6701272777192189,0.469441164895733,-4.641807201678624,-6.468443135083872,0.9916653280078762,-0.2981505621839447,-5.132558635583339,2.6073032562571563,-4.089637333080477
-125.84720637623448,20.626658892565768,10,120.2041,-8.1655,90,32,90,0.021643502202936454,-0.03446272017405366,0.022569850005917935,-1.2233794182713105,-0.7770483993840724,-0.11184792856200095,-0.13501435730773884,0.480109458648314,0.3619993694853519,0.23975271273915658,-0.1772957168404797,0.1688344260029647
-104.95518391723634,52.206018059620426,10,120.394,-7.8815,90,32,90,0.05105872355278959,0.0021876574225167533,-0.004346068205243192,0.02086955930301483,-1.0987227295938662,-0.22335758932816158,-0.5176513342432537,0.3710256617704212,-0.11893544435033099,0.16646307917521405,-0.0039108119856280125,0.16489875438096285
-98.88230535095605,48.169642222422965,10.237,120.4492,-7.9178,90,32,90,0.05526442528334016,0.0006141463639747768,-0.003338667060817313,-0.009063629445939247,-1.5865111632789206,-0.49025797483334876,-0.9653761949970263,0.6869813932221326,-0.16735084683242343,0.0694598498219569,0.06957269114117019,0.09728892627842498
-90.4660877726875,24.418405891145273,10,120.5257,-8.1314,90,32,90,-0.04165702243984093,-0.11673439915722315,0.15719110668189185,-6.1445033515598135,-10.294360182358519,-5.558757846417807,-5.5551599276122925,12.908205693638726,8.358930136193353,-0.307056235472159,-1.8956386318388394,-1.0653116882076947
-90.27906071539267,21.81644460766254,10,120.5274,-8.1548,90,32,90,-0.058760198516925044,-0.16323266530682828,0.19626937551625456,-11.513273242060576,-9.03744174611359,-4.812900322928161,-4.015389384698691,14.937499349816411,10.136434246448955,0.13826549037658412,-2.3902044278109367,-0.8178162807477907
-40.122804585551634,-31.334730328436507,10,120.9833,-8.6328,90,32,90,-0.21187629656187784,0.013707037155374802,-0.023957769984274124,-3.856623224944524,-16.1280335645591,3.181224910381326,1.4338338032205882,0.2360978072715022,-0.330691030731989,9.306074646486847,-3.5298147221528686,7.8941487576256995
-69.5300589472687,-28.365825787026797,10,120.716,-8.6061,90,32,90,-0.11006538609250321,0.036228275355345285,0.00031355728491949675,-3.181177777351757,-12.489536717591218,3.1211824289026624,-1.1071834740818163,2.3654772963010675,-1.962305347347851,6.530053424419395,-0.2674028024533474,6.4230923034380565
-42.10309107455618,24.585198281112117,10,120.9653,-8.1299,90,32,90,12.732215444168894,-0.042655328139654364,-5.4565031695201816,107.59742713969418,6563.649981840183,-6139.167550903926,7199.953804780411,0.9823606776433705,0.8242776927809106,-2552.3563785975693,-9043.308742538256,-6169.679875612872
-130.5448859918169,35.33774768764077,35,120.1614,-8.0332,90,32,90,0.05583943748671383,0.013566414677111893,0.0250256568296284,0.39048348717237197,-0.7044731337356578,-0.4559943803064796,-0.33337268278422033,0.2959322538769309,-0.366618571507376,-0.03447535315327797,-0.22613741648909605,-0.12493031974891639
14.115042029959202,7.027519363936128,7.122,121.4763,-8.2878,90,32,90,-0.21987344770243583,0.013129031551339015,0.6729933092533491,0.18024016484726083,-1.713582774793951,-0.9041682014029166,7.4320825306309874,-0.09277032916829468,-0.01520777087142432,3.6217590417595957,-7.811375020851001,0.4972090334191952
-105.35124121503787,60.9014613232249,16.235,120.3904,-7.8033,90,32,90,0.06495122860443964,0.013862767079848182,-0.009101742775928012,0.25737268434682,-0.38499063054987115,-0.28210550914560456,-0.4164142868583944,0.17480764037280133,-0.5003224764737857,-0.13630774118400932,0.06327354630326135,-0.11099832266270478
-96.17591381598409,62.3247563842753,10.872,120.4738,-7.7905,90,32,90,0.07103162188416892,0.014892022857098786,-0.017438299741249497,0.1809229904693132,-0.43670852007517635,-0.21317565126854957,-0.44836799536837585,0.18779971466366577,-0.536508832801057,-0.09609658649537021,0.12704357913823242,-0.045279154840077246
-89.68497476869193,-16.08990588546748,9.265,120.5328,-8.4957,90,32,90,-0.015136492905650667,-0.08959129347420988,0.06310933051793499,-3.5070002388446464,-1.3907025775196462,0.2607065908188957,-0.6292813050496225,-0.05358663734142486,-3.943940408527817,0.4662795969057399,0.36256136254687715,0.6113041419244908
-9.186328990659725,-2.8465901221005874,10,121.2645,-8.3766,90,32,90,-0.11534265007333627,-0.006849154186312517,0.4315479462100315,2.3840969143388393,10.883491343160923,-3.858825734500353,1.1136272088174441,0.0681761384494791,-0.03752719185594423,-6.136971372403422,-0.7198919225828802,-6.424928141436574
-99.91645496188052,55.274998035010206,10,120.4398,-7.8539,90,32,90,0.06009171856349488,0.007740067299105119,-0.010426106643764144,0.1073727832350959,-0.9562472386453641,-0.2539369521377422,-0.5736306572700844,0.337203398528617,-0.3260787510397055,0.0641530230229972,0.06442000698653264,0.08992102581761026
-108.21165503248837,51.53884849975305,10,120.3644,-7.8875,90,32,90,0.047033794528096196,0.0001280127298065037,-0.0021377667007748125,-0.0223176488772105,-1.0570792695112143,-0.1847970346395123,-0.44160298006362797,0.34306125067836785,-0.03965851756495671,0.198415034901642,-0.032836340953981004,0.1852804985200496
-103.35995313442739,71.07579711120202,10,120.4085,-7.7118,90,32,90,0.06160965000238813,0.01495600663737029,-0.014357683996944037,0.19510191013214326,-0.24865470303386153,-0.06768874804157163,-0.17904206835768827,0.06134258872763062,-0.40242305151448954,0.002838684635508394,0.04241534614913749,0.01980482309516339
-97.13305228566854,51.27198067580614,10,120.4651,-7.8899,90,32,90,0.060825041930009316,0.005235944005459514,-0.00897962808336178,0.05568128722349512,-1.315310702808292,-0.42072490240981664,-0.8693191656618964,0.5419274658195571,-0.323582049146269,0.020939756074032846,0.10940138943256954,0.06470031184706065
-117.08993945819256,51.13854676383268,10,120.2837,-7.8911,90,32,90,0.03930962364897944,-0.002666733764177559,0.0008831983282949207,-0.09011559309415165,-0.8408383149735685,-0.10187393976690365,-0.2668809558526963,0.2409120401485396,0.052749597024789,0.21509547975815543,-0.06951478288139197,0.18728956660559865
23.532404444335967,17.57991790250485,10,121.5619,-8.1929,90,32,90,-0.06308606153777896,0.02146907744312468,1.6225741076030629,-25.689148342390578,-59.41987612503109,-47.1506310450058,226.03442280282715,-0.2818571754664576,-0.18902617445708042,104.60073135313857,-253.7544055408847,3.0989691367846888
-107.94761683395504,71.26482848649782,27.669,120.3668,-7.7101,90,32,90,0.07237287861306962,0.017367488636748307,-0.012929236199927807,0.26043078401936953,0.18656468093195985,-0.23641941994353033,-0.15851945851838994,-0.08856837529201626,-0.5908090881380942,-0.25957815259213857,0.024836963345943725,-0.24964336725376107
21.31008294001,-15.333780384284466,10,121.5417,-8.4889,90,32,90,0.0008204490604928893,0.009464124408530603,0.17665808060470084,0.15906849045193655,-0.07594446789489796,-1.050073642669459,-8.616965844004131,-0.1260290733999961,0.20639151209405016,-4.21519995018525,6.9683534807387,-1.4278585578897696
-34.26995785138243,28.343586801698134,10,121.0365,-8.0961,90,32,90,1.1239348651746917,-0.025781497982578755,0.39150898028431724,-27.602486677753706,265.53460822953093,-379.43094993240857,-199.07810260582227,0.5059131437921238,0.4577273050654259,-377.1156980118931,-19.385103166244505,-384.86973927839085
-16.260352393048244,22.31682177756307,10,121.2002,-8.1503,90,32,90,-14.693215956825334,-0.012402899071630558,5.844012244400612,-224.29306158164817,16044.387402852084,-16944.314557517202,-7046.5929434226255,0.15707445373407472,0.12647180966554245,-17914.047488122782,-1347.175347815667,-18452.917627249048
-22.87230894800112,10.330008685279529,10,121.1401,-8.2581,90,32,90,-0.23101446502839162,-0.022419356915533678,0.7832951445679279,-1.3900322856117084,-3.5857795837904716,-6.123991771963825,22.3962152940965,0.2674766609903926,0.0972131705207538,8.677189580721063,-25.54081013770721,-1.5391344743618234
-59.87066151756895,0.04447797065791736,10,120.8038,-8.3506,90,32,90,-0.11066231321079228,-0.16991360672053019,0.41458346902885695,10.524127370209314,10.32650329762669,-4.323315862661402,2.81530146606875,1.7484013474211892,-0.28525913920600393,-5.349438188075671,-2.7398114915313103,-6.445362784688195
-129.7087650297932,35.971558769514864,10,120.169,-8.0275,90,32,90,0.02620468278219623,-0.016969140804423216,0.010595029401481104,-0.5197526624168664,-0.7107660278516298,-0.0704619368013265,-0.1550337474066154,0.2687335446114411,0.25470452665691745,0.21978843078686003,-0.11092515383823362,0.17541836925156656
-21.43110044767071,-5.8154946635103,12.843,121.1532,-8.4033,90,32,90,0.007177340816063804,-0.01537162742983772,0.33553571428608364,3.2880602630432754,17.098317368907043,-6.92888425384267,-2.8211784562303186,0.23182697253866996,-0.1263871293410918,-12.034476119032886,2.353958992790885,-11.092892521916532
-0.9241336948681635,32.657949955507036,10,121.3396,-8.0573,90,32,90,0.35739044676276094,-0.00046418302615056084,0.11686267403404221,-10.928839112074147,24.64392461239715,-69.96704219630142,-60.81470592533738,0.006375238584931976,0.006426519042669496,-69.17729921926383,11.260977811799506,-64.67290809454403
7.745120490329314,4.3366021391379554,10,121.4184,-8.312,90,32,90,-0.20974091894169516,0.0064741619737867795,0.5918074715018078,1.35580223148954,7.098384357034604,-4.450045965345265,8.56289349448579,-0.0648088089496166,0.0027337861074937723,-1.4361047679174312,-8.903357818110736,-4.997447895161725
-100.5435456833991,59.700556115463705,10,120.4341,-7.8141,90,32,90,0.06192207330306815,0.010848689518184712,-0.012768520232827374,0.15166473080620418,-0.6781920095894944,-0.17560584636700974,-0.41902688602023325,0.21686411383799914,-0.3801973963042685,0.0421714290682096,0.059879578782094794,0.06612326058104752
-102.18278283263028,49.89316358541357,10,120.4192,-7.9023,90,32,90,0.052223023523767315,0.0006809467474272468,-0.003521730734196482,-0.012285185451202316,-1.3376555022012426,-0.3200526330179328,-0.6939982630969701,0.5061630448455618,-0.1063985807371963,0.15307888569600783,0.017951307773803524,0.16025940880552925
-70.81724516512057,63.425586158056426,10,120.7043,-7.7806,90,32,90,0.12178979702502743,0.01832509778100469,-0.03829558391049975,-0.1584858656590905,0.5248504553911962,-0.46330564210429737,-0.8698970441743176,0.18500011197209557,-0.7050254405404396,-0.8254121734647087,0.59604113000771,-0.5869957214616247
-96.73699498786856,62.02453008233499,10,120.4687,-7.7932,90,32,90,0.06867514051380674,0.013891208508887337,-0.016884264041501784,0.16546588810175983,-0.5105986586408674,-0.18203470898258492,-0.4232928993375978,0.18696121518000872,-0.4893298157975129,-0.037903732819594485,0.10615293165624437,0.0045574398429032645
-107.63957226899797,39.88562018740329,10,120.3696,-7.9923,90,32,90,0.035784438418122844,-0.01825721030030647,0.012981757425643337,-0.566666562679644,-1.7548700537707247,-0.3659439592492398,-0.7202747656527201,0.8222174306916409,0.48721714495566376,0.30843157723031545,-0.1085957730114607,0.26499326802573114
-87.33063416509773,23.495487999995415,10,120.5542,-8.1397,90,32,90,-0.09489721785921579,-0.14459016953452977,0.2464439347019507,-8.273827547396943,-16.756276259753065,-10.905951549307645,-9.467099910314115,26.57201817880868,16.860580265071775,-1.5209849351185485,-4.039834093217432,-3.1369185724055213
-94.48166870872475,17.101779717933177,10,120.4892,-8.1972,90,32,90,-0.029553430454611895,-0.17218442620122043,0.15917897773385237,-11.223911958680153,-4.253963202305651,-1.5987835606321128,-0.7624495823607973,7.513271206043981,5.033050559004877,0.8589939291071103,-1.6591111640139904,0.19534946350151405
-110.34596380397146,14.455340463792723,10,120.345,-8.221,90,32,90,0.014568225612705987,-0.07567574543934696,0.05594385810849434,-3.380577805345445,-1.3751034513314995,-0.3625625826835421,-0.22726573237458844,1.5096532358473491,0.9574586580910609,0.35540611246077763,-0.442633578941414,0.17835268088421202
-1.5402228247807936,-2.9911435267385724,10,121.334,-8.3779,90,32,90,-0.11516956937798323,-0.0011152130684030925,0.42615998015861767,2.3356024581474895,10.87776510208449,-3.855757742143723,0.9805166689040294,0.010887856991613184,-0.006250468479191553,-6.1913710901092776,-0.5996545170713461,-6.431232896937816
-68.90296822575013,63.89260484996357,10,120.7217,-7.7764,90,32,90,0.1259474900246974,0.01799791831020539,-0.03858700931068798,-0.1707260575641896,0.6075496761909005,-0.4627017339068242,-0.8663050834842343,0.1720257761373493,-0.6725386520656893,-0.8607309506357528,0.6164701534577874,-0.6141428892526378
-124.61502811640922,57.68792794319714,10,120.2153,-7.8322,90,32,90,0.03715387721709695,0.0012922779947598106,-0.001162965083497669,0.003367258138971107,-0.5551905751177997,-0.046896014178433344,-0.14366148107880436,0.11588028226934804,-0.025685668480073393,0.16544901435934295,-0.06051037597914637,0.1412448639676844
-135.9026611037342,21.78308612966925,10,120.1127,-8.1551,90,32,90,0.020972310887521495,-0.023787276857758666,0.01485130183704264,-0.7662106215865951,-0.5450505571089367,-0.0537055787067972,-0.07314477959610595,0.2580078061104957,0.19214574996627407,0.18874440972023862,-0.12594024466342188,0.13836831185486986
-133.07525206109997,35.41558413629198,10,120.1384,-8.0325,90,32,90,0.025136742943112023,-0.01610692720226381,0.009950726243177332,-0.48594934265691525,-0.629517298861475,-0.05630860415547728,-0.12509321878228058,0.22812968862722546,0.21969699576409926,0.2027610232712085,-0.104840834810694,0.1608246893469309
-1.1111607521629854,-12.13136649692133,10,121.3379,-8.4601,90,32,90,-0.0074515294581392055,-0.0005512958243119037,0.24151841377089545,1.0298092353069317,4.947396849897199,-2.416914692718617,-6.952842260440751,0.005952587205378807,-0.00817611641630818,-6.357425119950639,5.900263459006412,-3.9973197363480737
-144.0108341170472,69.29667828488908,10,120.039,-7.7278,90,32,90,0.029410016970034425,0.0035921153936285255,-0.0014201449877360717,0.045284520377951366,-0.2750326336007147,-0.010600414337964777,-0.04448748596326934,0.028771081018803386,-0.04939877732175404,0.0993330219220364,-0.04487170884763927,0.08138433838298069
-141.52447441418636,11.630989327020995,10,120.0616,-8.2464,90,32,90,0.017961229383546662,-0.022281125773239013,0.014149113049037876,-0.7138020258163642,-0.42460515788589714,-0.035819144017997656,-0.021199924198580487,0.19502014882245317,0.0574172904809778,0.16542584219165346,-0.12594149992285697,0.11504924222251067
-114.152514499502,6.649456613344719,10,120.3104,-8.2912,90,32,90,0.015919800399783912,-0.06755343677215059,0.048632184715993176,-2.9110952021496854,-0.8955242295263255,-0.20850754440535416,0.0015088366052857848,1.0071634880911862,0.2956623733445508,0.30940468358043577,-0.4027878742636535,0.14828953387497437
-71.08128336365544,20.55994193657899,10,120.7019,-8.1661,90,32,90,-0.40906827130179224,-0.29302840249927053,4.264126865677169,-87.0054781227388,702.5314011700402,-1170.6367701353588,1636.3947772499216,48.8357079223245,29.40163894384515,-124.44794494049017,-2115.406007361914,-970.6103478852558
-118.75117979063405,23.12854474206824,10,120.2686,-8.143,90,32,90,0.022002493772042442,-0.04163936790817538,0.028503316755081443,-1.5630145159169229,-1.097615676894242,-0.19729048598441667,-0.2592141864261065,0.7494713448129022,0.6139126311304606,0.29097144049384593,-0.21713462075214487,0.20411759219298797
-101.7207159851962,61.9133351556904,10,120.4234,-7.7942,90,32,90,0.06129504409676853,0.011691266496956981,-0.012931934725986971,0.16515466066160597,-0.5719113153266838,-0.13977486282562293,-0.34495440631858826,0.16958778961525145,-0.37840653079501246,0.04298277666057319,0.0489179536937844,0.06254995813808695
-10.341496109244929,6.8607269739692835,10,121.254,-8.2893,90,32,90,-0.2260565188926778,-0.008914461849868272,0.6656924683042154,0.47524970502714314,3.9195427123463635,-4.958995685185056,12.485029630777221,0.0916727234609404,0.010982824679276882,1.48308803116953,-13.687244315998953,-3.9918096952300517
-55.65705193263093,34.91520696639145,10,120.8421,-8.037,90,32,90,0.2766765453617833,-0.030572609097523434,0.051018238243171976,-6.73684173885387,10.680830285316986,-38.23164010992529,-36.976701019266294,1.8364646659156687,1.0660014566986176,-38.190637420806624,8.738125945872152,-34.69538704245776
-94.29464165142994,57.42106011925022,10,120.4909,-7.8346,90,32,90,0.07060274367569275,0.012300392924682602,-0.01701663775955986,0.1270271833169361,-0.7585417438646223,-0.3041296158496646,-0.6560217215881512,0.3174563044410596,-0.5258122255119971,-0.0833695367981533,0.15789332058560768,-0.020212208563910233
-98.09019075535454,58.077110186453076,10,120.4564,-7.8287,90,32,90,0.06469937339929932,0.010893491933673005,-0.013858611287854872,0.14083721954349304,-0.7599060145443157,-0.22973007175969937,-0.5232936530141478,0.27089119364611025,-0.4224823340127799,0.008862651653672966,0.0917220946624869,0.045551489518667734
-80.61966328569291,51.57220697774643,10,120.6152,-7.8872,90,32,90,0.09827825203528184,0.014362819913337738,-0.03198874829114029,-0.30678209568602444,-0.6366398529768613,-1.2085836739532563,-2.0354558548775885,0.7545285157724754,-1.022444906094327,-1.1493149678968209,0.7814820060535246,-0.836722165475411
-85.91142884797766,45.18961818834873,10,120.5671,-7.9446,90,32,90,0.07738043902343628,0.007157256026477349,-0.01344921916851255,-0.1937653922946804,-2.046397035531505,-1.8317580045828794,-2.865670682510276,1.5080878258550836,-1.056022324018104,-1.1597692018518444,0.6836160071084373,-0.8863227990084694
-58.891519864671054,-21.171514033123824,10,120.8127,-8.5414,90,32,90,-0.008673655829393168,-0.022056631151895573,0.08592528592142007,-0.9390855106607194,-9.195092739212765,2.041870355717557,-7.726020188650392,0.9356667453354065,-2.218959236606604,1.6629934338891794,5.8304699545741085,3.995181415718823
-36.866333470299615,57.932556781815194,10,121.0129,-7.83,90,32,90,0.18270780994198937,0.0035423265940215665,-0.04506821345643447,-0.3490033141415385,0.5742265071530456,-1.2437818790640205,-2.2163665922565587,0.1260140936717797,-0.06700548703613955,-1.788598721579435,1.2587982010120133,-1.2850794411746298
-29.891324392361472,52.684156244191996,10,121.0763,-7.8772,90,32,90,0.19171617474475083,-0.0006745984797334459,-0.04398935983738739,-0.6333782523958458,-0.03461612524705323,-2.323325092058281,-3.8503174540321217,0.12995046505223143,0.03577683738141667,-2.7164070743667867,1.780019808169429,-2.0043991510990153
-87.67168350486955,34.437068781819974,10,120.5511,-8.0413,90,32,90,0.03766250130038512,-0.012105096577142649,0.042400618951686064,0.8050558851548134,-7.1562335253541205,-5.514975152954288,-6.827841787763504,5.767741943273165,-0.7923879052190779,-2.255552207820456,0.16095936620333828,-2.191168461339121
-84.3161980651687,-27.431788403212508,10,120.5816,-8.5977,90,32,90,-0.06963108402715679,0.03062515432568677,-0.003405659501276803,-0.8674937707637753,-6.372848531976151,0.8169983062713885,-0.5528094694225713,2.5209066195491205,-2.5064821041735152,2.988760044943255,-0.7051525511373742,2.706699024488305
-120.3244073902327,17.735590799807266,10,120.2543,-8.1915,90,32,90,0.020409955142296043,-0.04546928434660552,0.03098930102492581,-1.7436353230672075,-0.9349952424104337,-0.17043603577765615,-0.16457985135820852,0.7123992895229699,0.4941518184706553,0.27144357330410385,-0.23721190045260626,0.17655881312306132
-54.7439198293687,-11.742184253665293,10,120.8504,-8.4566,90,32,90,0.011062711688610172,-0.07288165176379031,0.22218307951554955,4.189923707296417,5.893105484981128,-2.5200864210555376,-6.887998864718795,0.7572297899572814,-1.6271818818665302,-6.80036335916769,6.03335161048453,-4.387022714973877
-13.520956083258463,0.22238985328919172,10,121.2251,-8.349,90,32,90,-0.1563701538085081,-0.011118589413285501,0.5008758034672343,2.2546973284712832,10.091721779432913,-4.00930561032706,4.030245500605704,0.11332758031485547,-0.03440314994921472,-4.570216390366831,-3.671894350392122,-6.0389741305236795
-67.97883453088197,7.28326769521861,10,120.7301,-8.2855,90,32,90,-0.11816482291682456,-0.34393649507534685,0.4705274910355283,23.019268492889022,3.9994254904501667,-8.45585575299571,8.453301471724586,3.8677884585251725,1.619096804803198,-1.8916828529817156,-12.556010126765742,-6.914086903688013
-93.65654933830541,65.27142194035605,10,120.4967,-7.764,90,32,90,0.07448443218624567,0.016469974757499256,-0.020434940511367128,0.16637076784404745,-0.28990827740398717,-0.16406330585256265,-0.3766785229905752,0.13822710837464897,-0.5591898679334071,-0.10857064050064011,0.1391540244527364,-0.05290903071954555
-10.59453271617386,8.662084785611283,10,121.2517,-8.2731,90,32,90,-0.23417697248780178,-0.009182514853657953,0.7211318603319149,-0.4763261504044053,0.6176031685649314,-5.4859942156988435,16.59966144245679,0.09574924781285571,0.02136014707612475,4.53387412784849,-18.69169289106822,-2.9428030285787994
-98.38723372870568,14.977956619022116,10,120.4537,-8.2163,90,32,90,-0.010434016194032447,-0.14398393031651863,0.1217298776803527,-8.254213154846672,-2.8283213430410634,-0.9499767738708098,-0.36379540400988525,4.53188523750579,2.9690328918022133,0.6846450493818899,-1.1504658838347515,0.22445869584798928
-18.57068663022022,1.6345654216751542,10,121.1792,-8.3363,90,32,90,-0.17290097233598378,-0.01645628927389836,0.5339818407706176,2.177978652405445,9.355111976624631,-4.106126208253774,5.452205338705445,0.17521062604364038,-0.03141523398127213,-3.6593508613340204,-5.226426023596592,-5.749921270772657
-98.2112082630168,-34.815131532411186,10,120.4553,-8.6641,90,32,90,-0.06766156264466239,0.04913175388082411,-0.018994361247467673,0.9822331988183216,-2.571354921203189,-0.2098931647027248,0.3106782562003325,1.0961504588385882,-0.1383837029930336,1.1974262671058657,-1.152261460792594,0.7365216827888281
18.163627740812736,4.325482646473525,10,121.5131,-8.3121,90,32,90,-0.2118105068983953,0.01652772480980813,0.5850479955830099,1.5627688587650836,7.160870719289694,-4.432531019746228,8.548498095005149,-0.17775620945657739,0.00038853754236910085,-1.462625316468296,-8.860275750582495,-5.006735616701294
6.578951780136601,21.22711149644637,35,121.4078,-8.1601,90,32,90,0.4442768985919271,-0.0017968834638608377,-0.7387077981367473,5.677784881052405,4.451628832703929,19.209924080789747,9.030456182105329,-0.10044770914829487,0.007852590053128907,10.591025383830438,6.94906161118265,13.370650028303498
-65.89953371742703,-2.601961283482536,10,120.749,-8.3744,90,32,90,-0.06567614972299823,-0.23545239402826823,0.31155694840892983,13.486926689611675,9.880755974215633,-5.25158828850433,-0.6151910207301953,-0.26119433329055297,-2.042325829254015,-7.0701124581928685,-0.4492776844031749,-7.249823531954139
-100.10348201917536,31.879585468995156,35,120.4381,-8.0643,90,32,90,0.18119437077011585,0.09211325868610315,-0.0031433119532076614,2.6237428226615886,-0.38971281587635176,-2.2639402353658133,-1.0002141691540223,-1.4753820608521295,-4.886839268725374,-1.2807372553906227,-0.8386435969739435,-1.6161946941802001
-34.11593556890545,-12.086888526263413,10,121.0379,-8.4597,90,32,90,0.002415009191400863,-0.023893774790090694,0.2447671269497717,1.683307299566854,5.247715908110865,-2.373782825358899,-6.97943645578216,0.31884930462739053,-0.41975743338955923,-6.484662405822352,6.039519904335027,-4.068854444088341
-9.318348089926383,6.771771032653646,35,121.2633,-8.2901,90,32,90,0.524180460970634,0.0014475778727738031,-0.8412522514374434,7.559098900299213,14.820954066527765,16.01975472042304,29.690981614805885,0.16161656011295442,0.04137527324427102,13.554407104986183,-11.002963301980369,9.153221784194034
10.85857091470874,7.783644865119142,35,121.4467,-8.281,90,32,90,0.5040691827549986,-0.0018533763321434416,-0.8321332342924057,7.252900148911111,14.218498178495468,15.496334297386145,26.486964230722172,-0.19127488999920755,-0.04751051622868189,12.185376632685443,-8.668826274747973,8.717846122786254
-30.74944853759709,17.457603483195726,10,121.0685,-8.194,90,32,90,-0.055785957898746075,-0.031383231434699954,1.596469513712592,-24.064444163233365,-58.28124522496658,-42.99732286459175,212.32438420509106,0.4686141736483432,0.3223167441131104,99.94543300607226,-238.12516116617553,4.695368539602043
-2.684388351761616,-1.5344899876948896,10,121.3236,-8.3648,90,32,90,-0.13531511609795216,-0.0020162335281178334,0.458625324552013,2.290373386975592,10.669980715828071,-3.9227995195993524,2.346606444959626,0.01966188938104155,-0.009059988512868307,-5.52926743893757,-1.9340522069452581,-6.302888321715673
-70.71823084067017,27.943285065777665,10,120.7052,-8.0997,90,32,90,1.3947890408163641,-0.020895131077295848,0.3044243586607262,-40.230524252250426,371.34561899130205,-460.56752080532164,-208.19502322222561,20.76853391186981,3.1651405723398107,-465.12597962933165,-39.82986212653066,-481.0579244799439
-94.2616368766121,11.052775708469254,10,120.4912,-8.2516,90,32,90,-0.03047913749929848,-0.21121557249992384,0.17581158108984868,-13.509625447528393,-2.6209769688783178,-0.26334973039236664,0.9470113264085117,5.72989526657576,3.2287081379399565,1.4746531038519046,-1.7765736134710632,0.7640236584634793
-73.88668922307777,69.14100538758676,10,120.6764,-7.7292,90,32,90,0.11048798101895463,0.019936257199296065,-0.03561343513971199,-0.014895973607834644,0.5249609966447784,-0.24323182868257232,-0.47689064799983655,0.09303829076526886,-0.6740321233578367,-0.5542786691636539,0.40111427424216173,-0.3938329594667892
-42.91720885336958,24.574078788447487,10,120.9579,-8.13,90,32,90,12.845215416188676,-0.04420584437487324,-5.606128357199844,111.96966888154348,6583.675166127244,-6141.9103023536245,7388.952581651345,1.0467471194548372,0.8749273050099545,-2479.7366105822853,-9209.528904578467,-6163.548172413672
32.26766817916756,5.203922566965467,10,121.6413,-8.3042,90,32,90,-0.22177494872856246,0.0372661138089692,0.5924494746361705,2.0267656802558855,6.35753133239205,-4.523761188158117,9.75188037510657,-0.48050960790736785,-0.06963751584412316,-0.6150774833697072,-10.233069289640998,-4.708305199226107
-96.85801249552928,53.92953942261112,10,120.4676,-7.866,90,32,90,0.06376102873059095,0.008150666154642439,-0.011936073885142617,0.09683542771920005,-1.06672928723613,-0.3456807790410299,-0.7381399698125932,0.4218776238633631,-0.3962223097766332,0.0004577880717245556,0.11527420777844548,0.046567471183102754
-123.76790556277955,47.40239722857552,10,120.223,-7.9247,90,32,90,0.03330906905382969,-0.006978534200000053,0.004140245610519455,-0.2056051781269512,-0.7574069021683358,-0.07596793427576494,-0.20078903586753735,0.22186630169991153,0.13603498084337712,0.2182165237131204,-0.08685783731124207,0.18347338878862357
-80.33362190394772,22.883915903450184,10,120.6178,-8.1452,90,32,90,-1.2871847784541934,0.8027684116698472,1.724552695000261,770.7343745236562,-275.81595153538706,-790.9909154358679,-284.5140414498723,671.9777632885267,671.3581940653237,-356.2408418060458,-390.6028268030055,-512.481972527248
-123.82291352080772,10.352247670608586,10,120.2225,-8.2579,90,32,90,0.019058119048223854,-0.04335150076581365,0.02943118024040453,-1.6496358937980797,-0.706945844557291,-0.11875898062899544,-0.05053915754257946,0.5540406535864518,0.21839578790009215,0.24217451725537079,-0.23850604365563813,0.14677209979311553
-126.77134007110263,12.631743666822063,10,120.1957,-8.2374,90,32,90,0.019664633349491423,-0.03788504560145192,0.025185913883734368,-1.3859189557547051,-0.6655540862157885,-0.09928107747633105,-0.0618226279837119,0.46458470055646683,0.2196049563808233,0.22738014809073598,-0.20273289776932263,0.1462869889830069
-84.80026809581311,30.845472651200605,10,120.5772,-8.0736,90,32,90,0.024770074111308993,0.009984912150955122,0.09390574345200464,6.123910826105128,-13.940460196639908,-14.97497948489756,-15.418791526828814,13.774668861750522,-4.515442225673551,-7.224063212251471,-0.8261535187114157,-7.554524619736037
-86.91257368408431,15.956471973494322,10,120.558,-8.2075,90,32,90,-0.11859261993894488,-0.3670379811481418,0.3602259065912983,-37.519046397319094,-5.357765143489735,1.962919201718753,5.3083019546010775,22.03846396534045,11.709654218450892,5.616900167495629,-4.8639047677942235,3.6713382603779396
-132.66819317169407,9.907467964030204,10,120.1421,-8.2619,90,32,90,0.018717246043022273,-0.030628855757720286,0.020099637479579213,-1.0663041591471245,-0.5342158593978982,-0.06358687357752767,-0.027243907304035312,0.31883432984982074,0.09319573480846788,0.1995563223476968,-0.17125962069179143,0.13105247407098022
-100.62055682463759,8.906713624229333,10,120.4334,-8.2709,90,32,90,-0.002668636751750608,-0.14053873770870273,0.11019344252886792,-7.533322555764778,-1.6690016828375862,-0.41613110108024276,0.24157853893279768,2.9571746518180997,1.4613044992416315,0.6689373709850376,-0.9850845876137317,0.27490353593954486
-97.27607297654113,12.40935381353287,10,120.4638,-8.2394,90,32,90,-0.015311720231717396,-0.16583387820129536,0.13774802269603986,-9.79007408171733,-2.540397678895336,-0.6930372325976752,0.13318265770204943,4.654875242843161,2.7939521136385532,0.8885817196397194,-1.3315064768712634,0.3559791288912141
-110.53299086126628,4.914815757689499,9.951,120.3433,-8.3068,90,32,90,0.013419110759762043,-0.08072751274365297,0.059073772643110534,-3.64909702774033,-0.9446360447266507,-0.2314407233813984,0.07159452943903508,1.2239957984280494,0.27868116478661364,0.3518928303107812,-0.4960649954100583,0.1534668321467579
-11.474660044619807,82.69566694555839,10,121.2437,-7.6073,90,32,90,0.1603163480656573,0.003211087737246321,-0.034543036788170334,0.06634076504683332,1.303118615860482,-0.1265405707306896,-0.2098928468824896,0.0022653460117535336,-0.05906761540483418,-0.7344955505632286,0.4635787951319047,-0.5490640325104666
-136.03468020300085,6.171318428773046,10,120.1115,-8.2955,90,32,90,0.01742463791044291,-0.026860882251604046,0.01779704265279941,-0.9154194366990638,-0.47242284507301824,-0.04837402108582676,-0.005993317890563521,0.2533349782079902,0.012506989618312382,0.18793898153316776,-0.1620662900088933,0.12311246552961044
-99.3003658319679,7.583493997159009,10,120.4454,-8.2828,90,32,90,-0.006110328925434894,-0.15408454146636882,0.12042948376094531,-8.41901356222402,-1.5825935893320746,-0.3005051121338193,0.4652665757804256,3.049297331189301,1.3695794883391605,0.7801261874547711,-1.0787128809691626,0.3486410350671061
-93.99759867807877,16.379012694743647,10,120.4936,-8.2037,90,32,90,-0.033279586932677185,-0.18431838887858878,0.16933343320669936,-12.305395489357927,-4.176154684379303,-1.4676787776262592,-0.4825583425780159,7.843999656010073,5.143467366699307,1.005641355738626,-1.794537321054707,0.287826427316743
-103.21693244355477,45.22297666634212,10,120.4098,-7.9443,90,32,90,0.04565577782198649,-0.006926634936841147,0.0035063601692616464,-0.1940345665858005,-1.6925435815880863,-0.4025749670833834,-0.8238783168725579,0.7150652755298675,0.13888464752064617,0.218543572732728,-0.024319837824529254,0.2088156376029163
-88.43079332565478,1.022993325130124,10,120.5442,-8.3418,90,32,90,-0.04624674667482853,-0.3092274581885341,0.20850761216064417,-16.560478266135142,0.6037423280836316,2.587118651430552,3.5421464899098076,-0.7064339482910696,-1.680843803385375,2.4440982343741395,-1.153502209803389,1.982697350452784
-143.8238070597524,-25.674908562228428,13.35,120.0407,-8.5819,90,32,90,0.0024334180465804267,-0.0009707891587653616,0.008276532353418742,-0.09065105500656542,-0.44742594754168175,-0.0266622347901787,0.05135936158068188,0.07382993067718065,-0.1673908494323153,0.21160442219437028,-0.19098024393332008,0.13521232462104224
-99.64141517174126,18.035817101747465,10,120.4423,-8.1888,90,32,90,-0.0041105544699234775,-0.11920514433263046,0.10213936839285997,-6.4717125940164415,-3.0596143496245536,-1.0972554729182937,-0.8118405629402754,4.12330896666569,2.9221026202596465,0.5259907589569351,-0.9186366911598153,0.158536082493009
-83.00700866410338,9.963065427352552,10,120.5935,-8.2614,90,32,90,-0.14004636236626328,-0.6211194148402741,0.41096947864220046,-49.32621745554276,0.872145788848077,15.365275051053223,16.715317217448305,-6.496359888053126,-5.010594319377356,13.840681924113136,-3.7282323294762425,12.34938899232264
-109.2568062350188,-2.468527371509179,10,120.3549,-8.3732,90,32,90,0.011747552609128936,-0.07705861682017634,0.05764974306965531,-3.50160169945265,-0.7827121068580273,-0.15869308205064273,0.20324291060928892,0.9877287248906492,-0.3520549680623712,0.3695281199376887,-0.5166001447009702,0.1628880620573006
-85.41635722572573,10.485681582581945,10,120.5716,-8.2567,90,32,90,-0.1159673725069737,-0.48006181262896197,0.3642948870629326,-40.660222571363,-1.4017692626296927,9.077958921018247,10.791118527107711,5.638517944793712,2.244847351418408,9.440073653013243,-3.5638930249269882,8.014516443042448
-89.90500660080302,61.49079443444108,10,120.5308,-7.798,90,32,90,0.08024442985893812,0.016348168422732207,-0.023283026229166504,0.11988502557207896,-0.3765120867481282,-0.27115077421795986,-0.5794543892458373,0.22208972866029233,-0.6443622713900672,-0.2066670249194716,0.2200724043735607,-0.1186380631700473
-89.90500660080302,13.143240329387025,10,120.5308,-8.2328,90,32,90,-0.0684788183564885,-0.2919847805619641,0.2576441028862021,-22.94663705948628,-3.7746028581909643,0.7017782956784177,2.6525716610177184,10.5608275137603,5.948203862983074,3.1744832460123433,-2.9393697276175224,1.9987353549653344
-83.40306596190491,10.941580781824758,10,120.5899,-8.2526,90,32,90,-0.14509223035476315,-0.6098390900268316,0.42786473864567126,-54.01308653728717,0.19853861941015544,16.21906752557706,17.549118848459603,-1.074193507204275,-2.268958657377415,14.89260535445031,-4.052771651916402,13.27149669368375
-120.66545673000607,1.6345654216751542,10,120.2512,-8.3363,90,32,90,0.016613735727467438,-0.047932711595316896,0.03417317449130847,-1.9185906188434654,-0.6724586216800993,-0.11920870700480701,0.039464060411286216,0.5830854004302448,-0.05075571943350393,0.2659287701322864,-0.3100393271043242,0.1419130392905567
-121.38056018436907,45.323052100322286,10,120.2447,-7.9434,90,32,90,0.03346580711376676,-0.009157721063514312,0.0055514754654489296,-0.27087168044699894,-0.8611817015296033,-0.09702142069629915,-0.2424540882136291,0.2785222447783105,0.18507774186415804,0.2371264787217279,-0.09369236080586878,0.19964953439938038
-89.70697795190226,10.063140861332618,10,120.5326,-8.2605,90,32,90,-0.0645169799110164,-0.31191658525935917,0.25382703635435494,-22.757021411968122,-2.498231564331332,1.9636856778233287,3.6965828458002474,7.147819219475628,3.706770783655613,3.6256475874783898,-2.6117517075502468,2.5809469044582913
-119.02621958077488,40.53055076194171,10,120.2661,-7.9865,90,32,90,0.031719653426822036,-0.015306634549274944,0.009828980330001569,-0.4715888185859082,-1.0372677734677063,-0.13747172116859022,-0.30781502200419625,0.40404469077661564,0.31737517254694436,0.269428443150085,-0.11348512451800545,0.22403439334288283
-97.15505546888042,51.04959082251705,9.879,120.4649,-7.8919,90,32,90,0.060235762821024275,0.0047549100874919314,-0.008742120224041472,0.04458019722308047,-1.3483246919614,-0.4182501121708339,-0.8734959313219364,0.5502200897378459,-0.3052750681003413,0.035057334335789704,0.1056644705436655,0.07732312255325591
-81.41177788129443,12.487190262184077,32.7,120.608,-8.2387,90,32,90,0.5742997085205226,0.8219736589300216,0.27559779100055964,24.63446028136436,-10.018329961147503,-5.619151016876518,-0.1633843375566583,-25.09453772388721,8.887055393381202,1.9053549424356202,-6.707655059792336,-0.7777070814813145
-111.74316593787965,9.37373231613638,15.891,120.3323,-8.2667,90,32,90,0.02303833459425933,-0.05837417569145423,0.0718841287730857,-2.651438222645955,-1.277879244674559,-0.8114753268733954,-0.15855631346426016,2.073273752727457,0.8069356672904734,0.14009401928116993,-0.7999388050724483,-0.1798815027478094
-91.57724852485048,36.04939521816607,10,120.5156,-8.0268,90,32,90,0.03681095385925001,-0.020062547293033473,0.03000728663209823,-0.17605490253914974,-5.069460940661563,-2.6825579075053203,-3.781779476700667,3.4611755497163,0.400158289241251,-0.5851558884575414,0.04620616395101224,-0.5666734228771365
-94.3276464262462,15.967591466158753,35,120.4906,-8.2074,90,32,90,0.5040361809564651,0.29342579558042914,0.5375031388873872,17.47900001038412,-11.902604922870783,-6.806006158478169,-2.8203895449882768,-2.994389891045428,-3.5484349782906026,1.0540189136774505,-5.7022552868593035,-1.226883201066271
-117.45299198117625,38.52904208233968,7.089,120.2804,-8.0045,90,32,90,0.02742382496459954,-0.02178261365525111,0.008684949782668927,-0.7015598422692374,-1.1337231849904252,-0.0832375333690273,-0.2480898181135165,0.3559282637271249,0.46333481870216064,0.3633297066268908,-0.15524740781848262,0.30123074349949774
-77.92427334232535,38.039784405103575,30.903,120.6397,-8.0089,90,32,90,0.27237098275702654,0.04910694713539884,-0.24993695036369076,2.011113562794572,4.889608064731281,2.097304446879269,6.883613531544175,-6.196349810305924,-0.3554859538530905,1.7627246242833245,-3.3055272729415517,0.4405137151067038
-74.57978949422889,14.399743000470375,10,120.6701,-8.2215,90,32,90,0.06821409590658178,-0.8143183248278139,0.47883043291656713,95.78915354018534,-28.35601581799432,-48.56221810007724,21.950414521196368,5.424558421411834,-4.30082929979834,0.5418212314260881,-62.61692687781023,-24.504949519698005
-52.741630157152265,45.67887586558483,10,120.8686,-7.9402,90,32,90,0.18370749343081483,-0.004945160421085837,-0.03142302791522511,-1.6460053291059302,0.03355413545527654,-5.53920806438262,-7.710938264473327,0.6614714915402801,0.11811851805434591,-5.884635593144626,2.956249360862506,-4.702135848799624
2.6183788021275056,6.004526038806201,10,121.3718,-8.297,90,32,90,-0.22323930062596187,0.002179521621069297,0.6377345809347555,0.7613148343790573,5.134973010026409,-4.764617386779425,10.981581650150554,-0.021676688060809836,-0.0011567597516123093,0.3651620868096428,-11.854849791974962,-4.376777829980342
-124.94507586457662,4.8592182943673485,10,120.2123,-8.3073,90,32,90,0.01778883580181473,-0.041150355327459615,0.028421054103149324,-1.5667348997235542,-0.6262603614799027,-0.09863325682597665,0.0018983369890646761,0.47950658749543784,0.04081419288982073,0.23794622632739656,-0.2485047736645094,0.1385443168615928
-49.11110492731059,39.20733113487149,10,120.9016,-7.9984,90,32,90,0.21310515915557135,-0.01763674310540586,0.0019271343931739349,-3.5734014488597117,1.231200987332095,-16.06318447699372,-18.5176595440242,0.8607638556593024,0.5237660135053486,-15.88965299503304,5.436890610228653,-13.714896750941579
-15.094183682855531,-5.670941258872316,10,121.2108,-8.402,90,32,90,-0.07431065821710042,-0.010814654003621943,0.3721238480719258,2.369344461553267,10.542000232140262,-3.6824307789104678,-1.5145024578264383,0.11242523336648408,-0.08570233306403709,-7.05633113161507,1.673220451446542,-6.387042951036453
1.815262614921617,19.770457957402684,10,121.3645,-8.1732,90,32,90,-0.11894725167077225,0.0013727919947613965,3.1860960979473347,-75.18596284506273,106.28536884533773,-409.45331058199247,889.3383076676599,-0.01536903124432474,-0.010918188304268805,158.08882655798996,-1063.9584251178185,-267.4945434891374
-65.39346050356917,64.24842861522612,10,120.7536,-7.7732,90,32,90,0.13349377670985124,0.01707766191929444,-0.03922546205866473,-0.1956376246718332,0.7290469824667101,-0.48089688330389363,-0.8950109745606674,0.1582452153217944,-0.6096705660150605,-0.9360921587623781,0.6633033448948166,-0.6707708208044514
-147.41032592317183,33.758779729288165,10,120.0081,-8.0474,90,32,90,0.021160615510782466,-0.01217221446538011,0.007306559070182683,-0.34200934961656965,-0.3981492362212767,-0.022917713798131678,-0.0536282626605705,0.11622979443235391,0.11184094892147779,0.1451188461660274,-0.08008737541899275,0.1130838959984303
-82.77597524038634,14.755566765733121,10,120.5956,-8.2183,90,32,90,-0.20199322088564148,-0.7088063516469993,0.5802347231496752,-92.8777917842763,0.4533697703947054,28.924675670271366,31.61614767692689,19.35795601826423,4.563972634551023,26.65452703077301,-7.486883069648306,23.659773802913687
-8.24019211257967,7.472299070514511,10,121.2731,-8.2838,90,32,90,-0.2301066522010612,-0.007032614905761736,0.6831122280797775,0.15810831249475438,2.9103814427862207,-5.1226150596095845,13.711078586191404,0.07179799373596592,0.01073759235303289,2.4005365283961972,-15.190269554474463,-3.6755712933935887
-101.45667778666288,10.752549406528855,10,120.4258,-8.2543,90,32,90,-0.0007146196723684661,-0.13074799056263772,0.10323594559932014,-6.928746899280824,-1.8213510552014909,-0.5216263755304218,0.03686452040370465,2.97706152787494,1.6456368559270538,0.6002527440434259,-0.9197414276557437,0.23235617298112837
-92.06131855549646,-3.0689799753897793,10,120.5112,-8.3786,90,32,90,-0.018038750583997176,-0.21200571095454138,0.14635519980472017,-10.664790478145123,0.21827157715634293,1.0118337845545171,1.6121676705151329,0.26348306483919015,-1.78439179097365,1.0633522842287462,-0.6600166355867637,0.7993456299940407
-9.439365597587093,4.147570763842053,10,121.2622,-8.3137,90,32,90,-0.20377331199035242,-0.007948597889840148,0.5933159701395503,1.4297395579959404,7.293282848075557,-4.418989155794946,8.319744245744092,0.08013042977993014,-0.003985253492394275,-1.6163243468589443,-8.607750803587397,-5.059424668293904
-97.22106501851454,57.68792794319714,35.067,120.4643,-7.8322,90,32,90,0.11741230766660393,0.02570978838293886,-0.0328329951186182,0.3043464292141311,1.1899751239876077,-0.6196198423813969,0.10218174441195704,-0.6893223145101642,-1.2611177146165238,-0.7684330625139232,-0.20329981303028605,-0.8497529877260376
-99.61941198853094,18.569552749641485,8.599,120.4425,-8.184,90,32,90,-0.006831341872074459,-0.1246179217231197,0.09321975119712311,-6.768148523066669,-2.8799262860609685,-0.7453321556755099,-0.6727035750069805,3.4518492911668837,2.8071104251001673,0.6643864102028769,-0.7401350142946463,0.36833240448501836
-82.52293863345896,7.8726008064347806,12.389,120.5979,-8.2802,90,32,90,-0.19263469359167118,-0.7400653927260259,0.48058713449097634,-72.19045533294157,7.584966320147621,27.62725653968147,25.754849865658755,-10.533583985380064,-4.544077941934424,20.29712863274787,-1.1492134187601661,19.837443265243806
-88.85985539827259,15.344899876949292,9.98,120.5403,-8.213,90,32,90,-0.08489189938194269,-0.3022202410312144,0.2863689019028097,-26.41342261268738,-4.953547776164326,0.14798103554680445,2.4948087118415003,15.088733129507363,8.627806663757749,3.3862640175241543,-3.5269210693835307,1.975495589770742
-89.71797954350819,17.94686116043183,10,120.5325,-8.1896,90,32,90,-0.0749328396137181,-0.24108971157081066,0.24994476820177103,-20.2994519479047,-6.421964887799046,-2.3890197644072355,-0.4723658284497199,15.856514312269132,9.967920988237994,1.6053219830564336,-3.096969342478016,0.3665342460652272
-44.842487384345965,4.636828441078156,10,120.9404,-8.3093,90,32,90,-0.18966807910584138,-0.07247564210388235,0.5887117642627147,3.926487902482676,7.233089775296726,-4.3087380413884,8.89866777495337,1.1151023961598907,0.235812059207576,-1.2859438651220354,-9.065695897189348,-4.912222223997775
-126.6833273382582,-14.722208287739436,10,120.1965,-8.4834,90,32,90,0.007792959613904221,-0.019064429803316962,0.017395288700827294,-0.7325061536922421,-0.6416857747760578,-0.05713079490632365,0.07270690940065805,0.23986097185031116,-0.38608447292626663,0.29456987907417925,-0.2866308036919344,0.1799175575974055
-102.19378442423624,58.92219162895172,10,120.4191,-7.8211,90,32,90,0.05921020076124811,0.009560903651544994,-0.01113426513437954,0.14054867658430925,-0.7258063235631088,-0.16851466936931037,-0.4072874865245709,0.22355028091930457,-0.3313819661283565,0.071902127880183,0.04105736232668569,0.08832507281085729
-144.18685958273608,21.538457291051195,10,120.0374,-8.1573,90,32,90,0.019501385762430434,-0.018447303548699362,0.011257281115161,-0.5581661939265797,-0.4212262544892075,-0.030929751884324164,-0.043487014361005515,0.1649049590491627,0.11357350684767514,0.15633463406046114,-0.10144477087043326,0.11575672571228783
-78.21031472407057,52.61743928820532,10,120.6371,-7.8778,90,32,90,0.10505839293197405,0.015142956764056359,-0.036579491305841094,-0.37553574906315274,-0.3486922685027595,-1.2010668633147155,-2.0222277679182845,0.6709314612484053,-0.9993381887080555,-1.2695409112078804,0.8558584978462739,-0.9271975120693707
-86.53851956949467,8.42857543965766,10,120.5614,-8.2752,90,32,90,-0.09193362375906466,-0.41948129065919015,0.31010616517168443,-30.992824349234933,-1.0429668702928117,6.048831773213956,7.610044800769449,3.4063217361234535,1.3126288793011691,6.523057265597755,-2.782510555465297,5.4100530434116365
-72.09342979136804,4.903696265025068,10,120.6927,-8.3069,90,32,90,-0.09076757098346244,-0.46457443181443003,0.34744813623068466,26.79963151388255,4.686119446168701,-11.087308206183964,1.4486165452615567,-5.537016665647764,-3.815519928570571,-6.45349973562867,-7.959910090637378,-9.63746377188362
12.046742808110215,13.443466631327224,10,121.4575,-8.2301,90,32,90,-0.2117841044756963,0.010339635220866089,0.9446620404580421,-5.883603541794704,-17.83562356390333,-8.676043763385122,46.19448116701887,-0.1134274091689168,-0.053102064205524775,24.36661558016644,-52.76751055781016,3.259611357042374
-71.30131519576653,50.82720096922785,10,120.6999,-7.8939,90,32,90,0.1305780649456405,0.012557861061931158,-0.03768509000848025,-0.8322228934916233,0.132913111417623,-1.9762147759681832,-3.088737773466337,0.7813294585812263,-0.9025615696104209,-2.3018493139181313,1.3921978837365385,-1.7449701604235157
-82.37991794258637,50.86055944722124,10,120.5992,-7.8936,90,32,90,0.09311745774045249,0.013500411801452616,-0.028385104738178624,-0.24514717587075976,-0.8592038075281699,-1.1925585577684135,-2.015900132759872,0.8099144664324085,-1.0103944828569726,-1.033521085420937,0.7129313025347803,-0.7483485644070247
-66.77966104587297,25.541474650255267,10,120.741,-8.1213,90,32,90,5.792802353395713,-0.09819435733782475,-0.20386139456194274,-34.0135909140515,2886.0990013822993,-3019.9421626843687,453.23682947790394,13.489698225484185,8.040256392490317,-2455.471369025187,-1768.8071635869871,-3162.9942344599817
-54.93094688666353,18.447238330332357,10,120.8487,-8.1851,90,32,90,0.021796852073919903,-0.1028163479843415,1.9829978463956606,-33.32831404777335,-54.35252582965578,-97.3039143477671,367.22393310064234,3.344973653126735,2.4161478889517864,141.6781505415436,-415.3012295385662,-24.442341273882874
-79.55250889995214,22.806079454799175,10,120.6249,-8.1459,90,32,90,-2.73439115411502,2.556613753550488,2.5826406872325176,2567.1823088958217,-524.7509027217565,-2497.9520244396313,-1048.3887809660723,876.4468010505037,2020.2180365367594,-1346.334102368332,-1001.5630883280262,-1746.9593376995424
-120.90749174532904,5.893331112161705,10,120.249,-8.298,90,32,90,0.017751349218106338,-0.049264967816627425,0.034414491933284774,-1.9574425460342797,-0.7132404176174,-0.1319746037339302,-0.004320941794377837,0.6309866992759201,0.11839646819332374,0.259324950208241,-0.29131879320578136,0.14279743292592845
-139.2361433602247,48.85905076761921,10,120.0824,-7.9116,90,32,90,0.027020605894069627,-0.005464198492308586,0.0034743852241880258,-0.15558524541342872,-0.46044658938039806,-0.02729108950052953,-0.08434620299790638,0.10355073613887793,0.08008346095757071,0.15768385047138614,-0.07311753774783754,0.12843683537225112
-82.2589004349241,60.03414089539739,10,120.6003,-7.8111,90,32,90,0.09540599923636628,0.017853531966143393,-0.03203146165995796,-0.018107637118885272,-0.14245095691789023,-0.44464289543991387,-0.8664499743425573,0.28169290900029476,-0.790000360665365,-0.515630826479513,0.4189770388560975,-0.34804001093707393
-65.11842071342991,67.6176348925563,10,120.7561,-7.7429,90,32,90,0.13046793656272498,0.01788967380025802,-0.03795957662521293,-0.1204991403419287,0.7908660043502945,-0.3439478481850245,-0.6502825113771956,0.10586195592002702,-0.5906888297077098,-0.7950470574075854,0.5591943027569093,-0.5713693363048217
-94.86672441492034,14.53317691244393,10,120.4857,-8.2203,90,32,90,-0.02799444589431549,-0.1855049431948461,0.16278622324746195,-11.946265309438807,-3.4284660781703638,-1.0172673608637488,-0.01587046576514811,6.58414223609634,4.164512231549914,1.0766283715021425,-1.6801024659543193,0.4045873851204147
-96.82500772071299,42.987958640786466,10,120.4679,-7.9644,90,32,90,0.04931279367292074,-0.007601077312027471,0.005051514412866331,-0.18296711671155277,-2.413159971375129,-0.839502166963893,-1.5051015750561327,1.2174827742641399,0.06884001734787669,0.047404029267115365,0.07136835375310786,0.0759513707683585
-100.89559661477843,62.04676906766385,10,120.4309,-7.793,90,32,90,0.062494838896454574,0.012121098919637086,-0.01358422419105404,0.16729544098505547,-0.5594939307913698,-0.144908779114462,-0.3544410605776514,0.17062444460116877,-0.3971217757799865,0.030936598811059018,0.05723924424940443,0.05383229651082079
-147.6413593468889,-4.9036962650248705,10,120.006,-8.3951,90,32,90,0.012515237616020192,-0.014996780845095009,0.010878233271168436,-0.47612123677960067,-0.35889337769508695,-0.019493026350630098,0.01794709157104657,0.1129515571083788,-0.09961442736741237,0.1603929946636499,-0.13093228045555846,0.1080200824814265
-127.21140373532639,-0.0889559413156372,10,120.1917,-8.3518,90,32,90,0.016232909944513124,-0.03518407508134874,0.02490929613417192,-1.3171338332008002,-0.5684431093694078,-0.0763351388637673,0.0313592228437693,0.37711899297745427,-0.105425156446465,0.23489883549385523,-0.24271163921783462,0.1378141798067214
-117.39798402314808,20.782331789868184,10,120.2809,-8.1641,90,32,90,0.020757304098949436,-0.0472872044459918,0.032827341802835974,-1.838472724429382,-1.1317566140575468,-0.22087609004649827,-0.2542602727797315,0.8552260020934153,0.663044333183327,0.29788662857414333,-0.24813686271791807,0.19863188348697608
-78.62837520508242,30.60084381258275,10,120.6333,-8.0758,90,32,90,0.24898231644639923,0.13307611860829324,0.09351544977142706,-5.611360527132172,28.384012693255105,-64.25564132997393,-48.30286618440412,22.985110361650932,-38.418042834765316,-62.80656758610304,5.173238541215229,-60.73727216961695
-21.93717366152701,-2.3128544742067643,10,121.1486,-8.3718,90,32,90,-0.11915625295049281,-0.01880667248567114,0.4446901901785778,2.6582352918226273,10.898023368848513,-3.861825087769904,1.6025492623156405,0.20450195460940124,-0.09297531925369967,-5.930520600635994,-1.1574084425115203,-6.393483977640602
-110.92904815906782,44.878272393744,15.66,120.3397,-7.9474,90,32,90,0.05039245112929014,-0.00003576634385998867,0.009642800976310595,0.06261904210531785,-1.1326727549480864,-0.4852260066679801,-0.6840884578199652,0.6030534335190405,-0.11426376178359891,-0.008924000434752074,-0.0521837610132649,-0.029797504840058033
-68.13285681335894,12.831894534782194,10.664,120.7287,-8.2356,90,32,90,-0.1117328501497078,-0.3332210176728692,0.6623191437704704,23.58750008933738,-2.8817917238638238,-16.68905963363807,37.39499643344278,14.085538923983478,7.813451912284679,10.187942374220455,-46.42217976832378,-8.380929533109057
-80.00357415578029,-21.749727651675567,11.153,120.6208,-8.5466,90,32,90,-0.009265161291614421,-0.03431299245203451,0.03628778311648073,-1.5928159758828668,-6.589697523424068,1.3584642936055056,-3.993532937252777,1.4414437247545637,-6.18552108303313,1.8212306466408221,2.715869418091345,2.90757841387736
-108.70672665474028,53.89618094461773,8.801,120.3599,-7.8663,90,32,90,0.046629037002983736,0.0014312257973246867,-0.004576015809319267,-0.002609869607622453,-0.9548775172197344,-0.12128260657998771,-0.3427430137563176,0.25509858437614746,-0.05642492142760795,0.22436642335984372,-0.04731270325770713,0.20544134205676087
-132.6571915800881,63.22543529009619,10,120.1422,-7.7824,90,32,90,0.033925675355195334,0.002960803028177361,-0.0016155465542938008,0.036330888450807876,-0.3955537362688429,-0.023665221175739784,-0.08332417667646042,0.060899550566208153,-0.048498599468867004,0.1305986767414438,-0.05320560739318342,0.10931643378417043
-116.88090921768584,59.822870534772726,10,120.2856,-7.813,90,32,90,0.043778154569931005,0.004633115270204824,-0.004164251258169216,0.07153977120627233,-0.5961389092040252,-0.06644115239849877,-0.19200638745890505,0.13073275024722236,-0.11215670377893999,0.15387453481622745,-0.04261372635056683,0.13682904427600073
-1.2101750766133692,2.379571430193739,10,121.337,-8.3296,90,32,90,-0.18648272061589133,-0.0009720131255503972,0.5478352069206827,1.790734204150379,8.787174797388884,-4.196828052904056,6.2484302337283,0.009508320251824574,-0.0017164424621634046,-3.095840702296336,-6.166784630246077,-5.562554554394767
9.494373555615258,0.9451568764789168,10,121.4343,-8.3425,90,32,90,-0.17129723754336973,0.007676899832820799,0.5095269034604353,2.096105441884709,9.714391383090616,-4.064182412479422,4.749551730026562,-0.0765720895571647,0.020362221916456816,-4.109983608350241,-4.46382893017317,-5.895515180419509
-16.11733170217564,4.014136851868696,10,121.2015,-8.3149,90,32,90,-0.20057390922140844,-0.01430250927730306,0.591091593056894,1.5933359499197564,7.4555414218533445,-4.389077517930951,8.150930116287544,0.15077132773139687,-0.004880498406021901,-1.7498039094056383,-8.38894510231506,-5.105381950331662
-71.52134702787762,4.481155543775742,10,120.6979,-8.3107,90,32,90,-0.0923118743653884,-0.4387146402206659,0.3508013103706561,25.568648518053358,5.326337532011154,-10.330516179277446,1.6320841603483736,-4.2386401561003995,-3.127990563921812,-6.3206848447134,-7.400753308276642,-9.280986168024057
-80.71867761014329,1.968150201608843,10,120.6143,-8.3333,90,32,90,-0.089461989727179,-0.5038258150089547,0.2654717926309955,-11.465894954368986,3.663196933836217,2.330382646840409,5.165793904250996,-14.97401142278516,-9.400667502008373,1.665572224895383,-1.9383286789346206,0.8902407533215347
41.98207356689547,17.157377181255523,26.483,121.7296,-8.1967,90,32,90,0.5925386597255985,-0.008229880572995785,-0.8928840992953131,6.600972652797374,19.38634630612841,12.92817168176887,-4.211054018883614,-1.650266606160697,-0.36729648029650996,-4.748289030616119,18.526590566643105,2.6623471960411234
-142.37159696781603,35.42670362895641,10,120.0539,-8.0324,90,32,90,0.02273931300036172,-0.01285942068324053,0.007781344046185357,-0.36846714549354415,-0.462169229183892,-0.030537533764484263,-0.07238957487690707,0.1421446787459579,0.13947423297311742,0.162240498064126,-0.0866826219049365,0.1275674493021514
-41.20096056289835,67.96233916515442,10,120.9735,-7.7398,90,32,90,0.1657600186891941,0.009495241333393079,-0.041403016965311845,-0.10538953217307553,1.0888573802933488,-0.4316393054397048,-0.8179151253775161,0.06201748616085063,-0.22224789343885318,-1.0418570757651158,0.7304753445872749,-0.7496669379302058
-94.76771009046996,57.47665758257247,10,120.4866,-7.8341,90,32,90,0.06980851037357161,0.012105433148678263,-0.016575214979558772,0.129627348149186,-0.7624379856616166,-0.2943064431206797,-0.6389828656393126,0.3122316016856501,-0.5119048040864214,-0.0697347299285568,0.14854946150855175,-0.01031494532513609
-102.7988719625429,15.055793067673322,10,120.4136,-8.2156,90,32,90,0.0031699835080177263,-0.11050351253005783,0.08853446573284374,-5.662740887041862,-2.1502995547411885,-0.6894857581572031,-0.3735179591611934,2.9247343917814406,1.9368183884586616,0.49274587545687626,-0.7639876289423859,0.18715082387992188
-65.07441434700769,53.206772399421496,14.439,120.7565,-7.8725,90,32,90,0.18488384762461335,0.019462476151614644,-0.05532518022089078,-0.5407605722148455,3.1585103806755477,-2.8598518600605365,-2.416146850650417,0.48509235016861224,-1.0912398346986782,-3.763803140953094,1.0018094860248032,-3.3630793465431728
-79.37648343426326,20.860168238519393,10,120.6265,-8.1634,90,32,90,-1.586404449824633,-1.79322047967373,3.552281800159943,-1227.3095609290142,471.6981693824469,209.2542469242143,785.1390083780962,1463.5351072649416,669.3278318157965,226.24076999511533,-422.72597972205347,57.15037810629394
-135.7266356380453,-13.921604815898702,10,120.1143,-8.4762,90,32,90,0.00886546296349111,-0.0147613365410863,0.013103525744647682,-0.5261469363506721,-0.5031157385688879,-0.03336318338286026,0.0474652180350452,0.15378948233980314,-0.24473809130366114,0.23191278198012763,-0.20793793319006537,0.14873760870410146
-80.98271580867662,12.231441930901594,10,120.6119,-8.241,90,32,90,-0.17495598219211522,-0.8595817462918773,0.5131627891145465,-73.54748386177798,2.836472946975044,28.75857448302675,31.098533335599253,-27.128563601633502,-19.719220571760975,25.28201498586788,-6.4719022069009435,22.693254103107506
-75.10786589129708,17.001704283953107,10,120.6653,-8.1981,90,32,90,0.2669522912565183,-0.9500703111963813,0.6766453909486507,159.16347277382087,-64.6788174324914,-96.63509534772287,95.88309188638992,52.515856694981835,8.810706105776553,27.67132478187344,-173.84046361675559,-41.8648606648288
-72.87454279536516,7.6057329824878686,10,120.6856,-8.2826,90,32,90,-0.08338555992248486,-0.5404804489501782,0.3716654589732897,35.273341330842236,1.1907580835949068,-15.265680527960134,2.479651426575499,-6.3217627355033414,-4.2804887438895705,-6.308466884171626,-12.873171094391626,-11.457735321928276
35.02906767216766,3.3692062773301785,10,121.6664,-8.3207,90,32,90,-0.20374573849808064,0.04248466808399547,0.5418979690662393,2.7928627368686314,8.243839207636647,-4.218561311969971,7.350887846171273,-0.5568827278367274,-0.02829684006095273,-2.378148559765044,-7.325873687080682,-5.308498034597317
-80.82869352619963,5.704299736866001,10,120.6133,-8.2997,90,32,90,-0.11432797917007498,-0.6095668749316078,0.32481981320981684,-21.050493731798344,2.757727112786492,5.99894450101591,9.384020587558604,-19.87413696006904,-11.906376103821227,5.570277312111346,-3.3455379358098685,4.232062137787398
-119.004216397563,27.454027388541565,29.806,120.2663,-8.1041,90,32,90,0.0629896316816545,0.017473445793962872,0.03978044071428399,0.8244912654406539,-1.3586741677231924,-1.0612442681172078,-0.644507980919382,0.7866559148534168,-0.3689366319329992,-0.14886959123173332,-0.5654869387877447,-0.3750643667468312
-82.34691316776853,20.726734326545834,10,120.5995,-8.1646,90,32,90,-0.40932849081954437,-0.48839739149858263,0.8832690800797449,-103.20925945529324,0.9792001028845898,-27.25695983019581,18.508858864274355,175.87418801716058,90.77480379371035,-4.575496533012732,-35.96349092004909,-18.960892901032366
-25.06162567751238,74.51172034451888,10,121.1202,-7.6809,90,32,90,0.16783139761386584,0.006208918312768513,-0.03919136804206097,0.019102848624413804,1.228409509022741,-0.2494067401477692,-0.4696161072089244,0.017821820590846044,-0.11972215475983236,-0.8699923746071089,0.5876735436968535,-0.6349229571283674
-75.91098207850455,21.960998012300525,17.467,120.658,-8.1535,90,32,90,0.10398534208696458,1.0560444566164073,-0.9709002545514912,-158.6995895322483,116.18794878830214,124.14072449736068,-37.309629156940204,-72.80752425200583,-72.49131476921178,-12.781511190375854,155.44114290258722,49.39494597065904
