lon,lat,z,strike,dip,rake
121.3478,-8.3514,10,90,32,90
121.308,-8.229,10,90,32,90
120.1488,-8.2393,10,90,32,90
121.0158,-8.4867,10,90,32,90
121.2044,-8.3292,10,90,32,90
121.4566,-8.4444,10,90,32,90
121.3409,-8.3144,10,90,32,90
120.5824,-8.1366,10,90,32,90
121.5625,-8.2904,10,90,32,90
120.1118,-8.1382,10,90,32,90
120.0343,-8.2816,10,90,32,90
120.5797,-8.1448,10,90,32,90
120.2652,-8.0924,10,90,32,90
120.2905,-8.1589,10,90,32,90
120.8687,-8.2459,10,90,32,90
120.5519,-8.0226,10,90,32,90
120.4122,-8.1278,10,90,32,90
121.3807,-8.3398,10,90,32,90
120.222,-8.0677,10,90,32,90
121.2563,-8.2968,10,90,32,90
121.4495,-8.1948,10,90,32,90
121.4006,-8.1584,10,90,32,90
121.5449,-8.1746,10,90,32,90
120.7384,-7.9586,10,90,32,90
120.4333,-8.0342,10,90,32,90
121.2801,-8.2418,10,90,32,90
121.2837,-8.2072,10,90,32,90
121.4476,-7.7279,10,90,32,90
121.0641,-8.1005,10,90,32,90
121.0087,-8.1341,10,90,32,90
121.39,-8.2408,10,90,32,90
121.5012,-8.2413,10,90,32,90
121.1585,-8.3179,10,90,32,90
120.6873,-7.9609,10,90,32,90
120.4362,-8.0375,10,90,32,90
120.8299,-8.0792,10,90,32,90
121.1965,-8.1465,10,90,32,90
120.6961,-8.3207,10,90,32,90
121.3043,-8.2552,10,90,32,90
121.4587,-8.2055,10,90,32,90
121.0438,-8.1114,10,90,32,90
121.3662,-8.2508,10,90,32,90
120.2703,-8.1906,10,90,32,90
120.5166,-8.0252,10,90,32,90
120.6868,-8.047,10,90,32,90
120.2411,-8.2245,10,90,32,90
120.9804,-7.7914,10,90,32,90
121.3868,-8.2853,10,90,32,90
121.2569,-8.2728,10,90,32,90
121.401,-8.3858,10,90,32,90
121.3052,-8.2438,10,90,32,90
120.5607,-8.0492,10,90,32,90
121.4947,-8.296,10,90,32,90
120.6324,-7.9533,10,90,32,90
121.2455,-8.4028,10,90,32,90
120.8141,-8.5969,10,90,32,90
120.2643,-8.1957,10,90,32,90
120.6868,-8.0342,10,90,32,90
121.3891,-8.2884,10,90,32,90
120.7963,-7.864,10,90,32,90
120.7061,-8.1452,10,90,32,90
121.1914,-8.0965,10,90,32,90
121.4196,-8.2936,10,90,32,90
120.8009,-8.0652,10,90,32,90
120.0515,-8.1244,10,90,32,90
120.5621,-8.1093,25.082,90,32,90
121.5159,-8.2796,34.484,90,32,90
120.0761,-8.1726,4.078,90,32,90
121.0273,-8.044,35,90,32,90
120.3528,-8.2588,35,90,32,90
120.3163,-8.2301,25.42,90,32,90
121.2976,-8.3094,9.984,90,32,90
120.8745,-8.1454,35.898,90,32,90
121.531,-8.1638,32.307,90,32,90
121.2937,-8.2578,16.658,90,32,90
121.2985,-8.3434,39.838,90,32,90
121.1151,-8.2642,10,90,32,90
120.7293,-7.5091,10,90,32,90
121.3693,-8.2072,10.465,90,32,90
120.8315,-7.7994,10,90,32,90
120.738,-8.4653,10,90,32,90
120.0654,-8.0923,10,90,32,90
120.6027,-7.8008,6.808,90,32,90
121.4515,-8.3971,10,90,32,90
120.356,-7.9293,10,90,32,90
120.7193,-7.744,10,90,32,90
120.518,-7.9784,10,90,32,90
120.6811,-8.3082,10,90,32,90
120.5675,-8.1881,10,90,32,90
120.3302,-8.2481,10,90,32,90
121.0672,-8.117,10,90,32,90
120.6204,-8.3601,15.605,90,32,90
120.6117,-8.2435,10,90,32,90
120.5243,-7.7889,10,90,32,90
120.5245,-7.8409,10,90,32,90
120.8214,-8.3148,10,90,32,90
121.3986,-7.3112,10,90,32,90
120.626,-7.8595,10,90,32,90
120.3457,-8.6356,10,90,32,90
120.4723,-7.8911,10,90,32,90
121.4451,-8.4498,10,90,32,90
120.5547,-7.8533,10,90,32,90
122.3738,-8.2128,10,90,32,90
120.5092,-7.8472,26.535,90,32,90
121.167,-7.7845,12.56,90,32,90
120.9856,-7.8959,36.184,90,32,90
121.284,-8.1905,13.787,90,32,90
120.5537,-7.8982,11.509,90,32,90
120.286,-8.2729,10,90,32,90
120.5405,-7.8563,32.686,90,32,90
120.3125,-7.9792,16.548,90,32,90
120.8308,-7.9538,10.617,90,32,90
121.2981,-8.2041,8.996,90,32,90
120.9924,-7.8633,24.864,90,32,90
120.4005,-7.9661,25.145,90,32,90
120.4266,-7.892,9.204,90,32,90
120.5942,-8.5444,9.504,90,32,90
120.6814,-7.9285,10,90,32,90
120.6888,-8.1572,10,90,32,90
120.6027,-7.9467,10,90,32,90
120.7027,-7.9137,10,90,32,90
120.0779,-8.2124,10,90,32,90
120.5848,-7.8539,10,90,32,90
120.3755,-8.1737,10,90,32,90
120.9034,-7.7087,10,90,32,90
120.2645,-7.8376,10,90,32,90
120.5397,-7.5636,10,90,32,90
120.5649,-7.9323,10,90,32,90
121.2324,-8.0732,10,90,32,90
120.7818,-7.935,10,90,32,90
120.2041,-8.1655,10,90,32,90
120.394,-7.8815,10,90,32,90
120.4492,-7.9178,10.237,90,32,90
120.5257,-8.1314,10,90,32,90
120.5274,-8.1548,10,90,32,90
120.9833,-8.6328,10,90,32,90
120.716,-8.6061,10,90,32,90
120.9653,-8.1299,10,90,32,90
120.1614,-8.0332,35,90,32,90
121.4763,-8.2878,7.122,90,32,90
120.3904,-7.8033,16.235,90,32,90
120.4738,-7.7905,10.872,90,32,90
120.5328,-8.4957,9.265,90,32,90
121.2645,-8.3766,10,90,32,90
120.4398,-7.8539,10,90,32,90
120.3644,-7.8875,10,90,32,90
120.4085,-7.7118,10,90,32,90
120.4651,-7.8899,10,90,32,90
120.2837,-7.8911,10,90,32,90
121.5619,-8.1929,10,90,32,90
120.3668,-7.7101,27.669,90,32,90
121.5417,-8.4889,10,90,32,90
121.0365,-8.0961,10,90,32,90
121.2002,-8.1503,10,90,32,90
121.1401,-8.2581,10,90,32,90
120.8038,-8.3506,10,90,32,90
120.169,-8.0275,10,90,32,90
121.1532,-8.4033,12.843,90,32,90
121.3396,-8.0573,10,90,32,90
121.4184,-8.312,10,90,32,90
120.4341,-7.8141,10,90,32,90
120.4192,-7.9023,10,90,32,90
120.7043,-7.7806,10,90,32,90
120.4687,-7.7932,10,90,32,90
120.3696,-7.9923,10,90,32,90
120.5542,-8.1397,10,90,32,90
120.4892,-8.1972,10,90,32,90
120.345,-8.221,10,90,32,90
121.334,-8.3779,10,90,32,90
120.7217,-7.7764,10,90,32,90
120.2153,-7.8322,10,90,32,90
120.1127,-8.1551,10,90,32,90
120.1384,-8.0325,10,90,32,90
121.3379,-8.4601,10,90,32,90
120.039,-7.7278,10,90,32,90
120.0616,-8.2464,10,90,32,90
120.3104,-8.2912,10,90,32,90
120.7019,-8.1661,10,90,32,90
120.2686,-8.143,10,90,32,90
120.4234,-7.7942,10,90,32,90
121.254,-8.2893,10,90,32,90
120.8421,-8.037,10,90,32,90
120.4909,-7.8346,10,90,32,90
120.4564,-7.8287,10,90,32,90
120.6152,-7.8872,10,90,32,90
120.5671,-7.9446,10,90,32,90
120.8127,-8.5414,10,90,32,90
121.0129,-7.83,10,90,32,90
121.0763,-7.8772,10,90,32,90
120.5511,-8.0413,10,90,32,90
120.5816,-8.5977,10,90,32,90
120.2543,-8.1915,10,90,32,90
120.8504,-8.4566,10,90,32,90
121.2251,-8.349,10,90,32,90
120.7301,-8.2855,10,90,32,90
120.4967,-7.764,10,90,32,90
121.2517,-8.2731,10,90,32,90
120.4537,-8.2163,10,90,32,90
121.1792,-8.3363,10,90,32,90
120.4553,-8.6641,10,90,32,90
121.5131,-8.3121,10,90,32,90
121.4078,-8.1601,35,90,32,90
120.749,-8.3744,10,90,32,90
120.4381,-8.0643,35,90,32,90
121.0379,-8.4597,10,90,32,90
121.2633,-8.2901,35,90,32,90
121.4467,-8.281,35,90,32,90
121.0685,-8.194,10,90,32,90
121.3236,-8.3648,10,90,32,90
120.7052,-8.0997,10,90,32,90
120.4912,-8.2516,10,90,32,90
120.6764,-7.7292,10,90,32,90
120.9579,-8.13,10,90,32,90
121.6413,-8.3042,10,90,32,90
120.4676,-7.866,10,90,32,90
120.223,-7.9247,10,90,32,90
120.6178,-8.1452,10,90,32,90
120.2225,-8.2579,10,90,32,90
120.1957,-8.2374,10,90,32,90
120.5772,-8.0736,10,90,32,90
120.558,-8.2075,10,90,32,90
120.1421,-8.2619,10,90,32,90
120.4334,-8.2709,10,90,32,90
120.4638,-8.2394,10,90,32,90
120.3433,-8.3068,9.951,90,32,90
121.2437,-7.6073,10,90,32,90
120.1115,-8.2955,10,90,32,90
120.4454,-8.2828,10,90,32,90
120.4936,-8.2037,10,90,32,90
120.4098,-7.9443,10,90,32,90
120.5442,-8.3418,10,90,32,90
120.0407,-8.5819,13.35,90,32,90
120.4423,-8.1888,10,90,32,90
120.5935,-8.2614,10,90,32,90
120.3549,-8.3732,10,90,32,90
120.5716,-8.2567,10,90,32,90
120.5308,-7.798,10,90,32,90
120.5308,-8.2328,10,90,32,90
120.5899,-8.2526,10,90,32,90
120.2512,-8.3363,10,90,32,90
120.2447,-7.9434,10,90,32,90
120.5326,-8.2605,10,90,32,90
120.2661,-7.9865,10,90,32,90
120.4649,-7.8919,9.879,90,32,90
120.608,-8.2387,32.7,90,32,90
120.3323,-8.2667,15.891,90,32,90
120.5156,-8.0268,10,90,32,90
120.4906,-8.2074,35,90,32,90
120.2804,-8.0045,7.089,90,32,90
120.6397,-8.0089,30.903,90,32,90
120.6701,-8.2215,10,90,32,90
120.8686,-7.9402,10,90,32,90
121.3718,-8.297,10,90,32,90
120.2123,-8.3073,10,90,32,90
120.9016,-7.9984,10,90,32,90
121.2108,-8.402,10,90,32,90
121.3645,-8.1732,10,90,32,90
120.7536,-7.7732,10,90,32,90
120.0081,-8.0474,10,90,32,90
120.5956,-8.2183,10,90,32,90
121.2731,-8.2838,10,90,32,90
120.4258,-8.2543,10,90,32,90
120.5112,-8.3786,10,90,32,90
121.2622,-8.3137,10,90,32,90
120.4643,-7.8322,35.067,90,32,90
120.4425,-8.184,8.599,90,32,90
120.5979,-8.2802,12.389,90,32,90
120.5403,-8.213,9.98,90,32,90
120.5325,-8.1896,10,90,32,90
120.9404,-8.3093,10,90,32,90
120.1965,-8.4834,10,90,32,90
120.4191,-7.8211,10,90,32,90
120.0374,-8.1573,10,90,32,90
120.6371,-7.8778,10,90,32,90
120.5614,-8.2752,10,90,32,90
120.6927,-8.3069,10,90,32,90
121.4575,-8.2301,10,90,32,90
120.6999,-7.8939,10,90,32,90
120.5992,-7.8936,10,90,32,90
120.741,-8.1213,10,90,32,90
120.8487,-8.1851,10,90,32,90
120.6249,-8.1459,10,90,32,90
120.249,-8.298,10,90,32,90
120.0824,-7.9116,10,90,32,90
120.6003,-7.8111,10,90,32,90
120.7561,-7.7429,10,90,32,90
120.4857,-8.2203,10,90,32,90
120.4679,-7.9644,10,90,32,90
120.4309,-7.793,10,90,32,90
120.006,-8.3951,10,90,32,90
120.1917,-8.3518,10,90,32,90
120.2809,-8.1641,10,90,32,90
120.6333,-8.0758,10,90,32,90
121.1486,-8.3718,10,90,32,90
120.3397,-7.9474,15.66,90,32,90
120.7287,-8.2356,10.664,90,32,90
120.6208,-8.5466,11.153,90,32,90
120.3599,-7.8663,8.801,90,32,90
120.1422,-7.7824,10,90,32,90
120.2856,-7.813,10,90,32,90
121.337,-8.3296,10,90,32,90
121.4343,-8.3425,10,90,32,90
121.2015,-8.3149,10,90,32,90
120.6979,-8.3107,10,90,32,90
120.6143,-8.3333,10,90,32,90
121.7296,-8.1967,26.483,90,32,90
120.0539,-8.0324,10,90,32,90
120.9735,-7.7398,10,90,32,90
120.4866,-7.8341,10,90,32,90
120.4136,-8.2156,10,90,32,90
120.7565,-7.8725,14.439,90,32,90
120.6265,-8.1634,10,90,32,90
120.1143,-8.4762,10,90,32,90
120.6119,-8.241,10,90,32,90
120.6653,-8.1981,10,90,32,90
120.6856,-8.2826,10,90,32,90
121.6664,-8.3207,10,90,32,90
120.6133,-8.2997,10,90,32,90
120.2663,-8.1041,29.806,90,32,90
120.5995,-8.1646,10,90,32,90
121.1202,-7.6809,10,90,32,90
120.658,-8.1535,17.467,90,32,90
