network,station,channel,phase,time,pick_id
GB,FOEL,HHZ,P,2023-02-06T10:31:11.39Z,smi:org.gfz-potsdam.de/geofon/20230206.103111.07-PRE-GB.FOEL..HH/repick
TU,ANDN,BHZ,P,2023-02-06T10:25:03.01Z,smi:org.gfz-potsdam.de/geofon/Pick/20230206180542.24881.746661
TU,KEMA,BHZ,P,2023-02-06T10:25:15.06Z,smi:org.gfz-potsdam.de/geofon/Pick/20230206180542.249103.746662
TU,KELT,BHZ,P,2023-02-06T10:25:31.23Z,smi:org.gfz-potsdam.de/geofon/Pick/20230206180542.249253.746663
TU,KKUL,BHZ,P,2023-02-06T10:25:46.3Z,smi:org.gfz-potsdam.de/geofon/Pick/20230206180542.249394.746664
IU,ANTO,BHZ,P,2023-02-06T10:25:50.54Z,smi:org.gfz-potsdam.de/geofon/Pick/20230206180542.249526.746665
GE,CSS,BHZ,P,2023-02-06T10:25:53.79Z,smi:org.gfz-potsdam.de/geofon/Pick/20230206180542.249618.746666
TU,HAKT,BHZ,P,2023-02-06T10:26:05.66Z,smi:org.gfz-potsdam.de/geofon/Pick/20230206180542.249752.746667
GE,ISP,BHZ,P,2023-02-06T10:26:10.23Z,smi:org.gfz-potsdam.de/geofon/Pick/20230206180542.249983.746669
TU,EPOS,BHZ,P,2023-02-06T10:26:12.21Z,smi:org.gfz-potsdam.de/geofon/Pick/20230206180542.25011.746670
IU,GNI,BHZ,P,2023-02-06T10:26:22.15Z,smi:org.gfz-potsdam.de/geofon/Pick/20230206180542.250224.746671
GE,SALP,BHZ,P,2023-02-06T10:26:22.13Z,smi:org.gfz-potsdam.de/geofon/Pick/20230206180542.250314.746672
GE,UJAP,BHZ,P,2023-02-06T10:26:23.14Z,smi:org.gfz-potsdam.de/geofon/Pick/20230206180542.250404.746673
GE,MSBI,BHZ,P,2023-02-06T10:26:32.07Z,smi:org.gfz-potsdam.de/geofon/Pick/20230206180542.250501.746674
II,KIV,BHZ,P,2023-02-06T10:26:35.59Z,smi:org.gfz-potsdam.de/geofon/Pick/20230206180542.250601.746675
HL,ARG,HHZ,P,2023-02-06T10:26:38.26Z,smi:org.gfz-potsdam.de/geofon/Pick/20230206180542.250706.746676
GE,EIL,BHZ,P,2023-02-06T10:26:54.46Z,smi:org.gfz-potsdam.de/geofon/Pick/20230206180542.250803.746677
GE,TIRR,BHZ,P,2023-02-06T10:27:00.94Z,smi:org.gfz-potsdam.de/geofon/Pick/20230206180542.250901.746678
GE,ZKR,BHZ,P,2023-02-06T10:27:02.59Z,smi:org.gfz-potsdam.de/geofon/Pick/20230206180542.250996.746679
GE,APE,BHZ,P,2023-02-06T10:27:05.98Z,smi:org.gfz-potsdam.de/geofon/Pick/20230206180542.251078.746680
HL,RDO,HHZ,P,2023-02-06T10:27:07.51Z,smi:org.gfz-potsdam.de/geofon/Pick/20230206180542.251183.746681
GE,THERA,BHZ,P,2023-02-06T10:27:06.43Z,smi:org.gfz-potsdam.de/geofon/Pick/20230206180542.251272.746682
GE,IMMV,BHZ,P,2023-02-06T10:27:24.56Z,smi:org.gfz-potsdam.de/geofon/Pick/20230206180542.251364.746683
RO,VRI,HHZ,P,2023-02-06T10:27:26.27Z,smi:org.gfz-potsdam.de/geofon/Pick/20230206180542.251481.746684
GE,GVD,BHZ,P,2023-02-06T10:27:25.99Z,smi:org.gfz-potsdam.de/geofon/Pick/20230206180542.251569.746685
RO,MLR,BHZ,P,2023-02-06T10:27:29.44Z,smi:org.gfz-potsdam.de/geofon/Pick/20230206180542.251686.746686
RO,ARR,BHZ,P,2023-02-06T10:27:38.33Z,smi:org.gfz-potsdam.de/geofon/Pick/20230206180542.25183.746687
HL,ITM,HHZ,P,2023-02-06T10:27:44.66Z,smi:org.gfz-potsdam.de/geofon/Pick/20230206180542.25192.746688
RO,LOT,BHZ,P,2023-02-06T10:27:46.38Z,smi:org.gfz-potsdam.de/geofon/Pick/20230206180542.252039.746689
RO,DEV,BHZ,P,2023-02-06T10:27:56.2Z,smi:org.gfz-potsdam.de/geofon/Pick/20230206180542.252172.746690
AC,SRN,HHZ,P,2023-02-06T10:28:03.59Z,smi:org.gfz-potsdam.de/geofon/Pick/20230206180542.252239.746691
HL,KEK,HHZ,P,2023-02-06T10:28:05.13Z,smi:org.gfz-potsdam.de/geofon/Pick/20230206180542.252333.746692
AC,BCI,HHZ,P,2023-02-06T10:28:07.39Z,smi:org.gfz-potsdam.de/geofon/Pick/20230206180542.252415.746693
RO,DRGR,BHZ,P,2023-02-06T10:28:03.14Z,smi:org.gfz-potsdam.de/geofon/Pick/20230206180542.252551.746694
RO,BZS,BHZ,P,2023-02-06T10:28:04.88Z,smi:org.gfz-potsdam.de/geofon/Pick/20230206180542.25267.746695
IU,KIEV,BHZ,P,2023-02-06T10:28:02.32Z,smi:org.gfz-potsdam.de/geofon/Pick/20230206180542.25278.746696
RO,BMR,BHZ,P,2023-02-06T10:28:04.52Z,smi:org.gfz-potsdam.de/geofon/Pick/20230206180542.252895.746697
AC,VLO,HHZ,P,2023-02-06T10:28:09.39Z,smi:org.gfz-potsdam.de/geofon/Pick/20230206180542.252963.746698
MN,PDG,BHZ,P,2023-02-06T10:28:16.82Z,smi:org.gfz-potsdam.de/geofon/Pick/20230206180542.253074.746699
HU,LTVH,HHZ,P,2023-02-06T10:28:14.49Z,smi:org.gfz-potsdam.de/geofon/Pick/20230206180542.253161.746700
HU,TRPA,HHZ,P,2023-02-06T10:28:14.37Z,smi:org.gfz-potsdam.de/geofon/Pick/20230206180542.253251.746701
SK,KOLS,HHZ,P,2023-02-06T10:28:23.24Z,smi:org.gfz-potsdam.de/geofon/Pick/20230206180542.253369.746702
HU,ABAH,HHZ,P,2023-02-06T10:28:25.64Z,smi:org.gfz-potsdam.de/geofon/Pick/20230206180542.253462.746703
HU,BSZH,HHZ,P,2023-02-06T10:28:27.99Z,smi:org.gfz-potsdam.de/geofon/Pick/20230206180542.253552.746704
PL,KWP,HHZ,P,2023-02-06T10:28:26.26Z,smi:org.gfz-potsdam.de/geofon/Pick/20230206180542.253665.746705
HU,MORH,HHZ,P,2023-02-06T10:28:35.25Z,smi:org.gfz-potsdam.de/geofon/Pick/20230206180542.253757.746706
GE,PSZ,BHZ,P,2023-02-06T10:28:33.65Z,smi:org.gfz-potsdam.de/geofon/Pick/20230206180542.253837.746707
GE,MATE,BHZ,P,2023-02-06T10:28:33.98Z,smi:org.gfz-potsdam.de/geofon/Pick/20230206180542.253917.746708
TU,DIGO,BHZ,P,2023-02-06T10:26:11.11Z,smi:org.gfz-potsdam.de/geofon/Pick/20230206180926.084003.748135
HU,KOVH,HHZ,P,2023-02-06T10:28:38.69Z,smi:org.gfz-potsdam.de/geofon/Pick/20230206181043.285208.748792
HU,BUD,HHZ,P,2023-02-06T10:28:38.48Z,smi:org.gfz-potsdam.de/geofon/Pick/20230206181043.285426.748793
MN,VSL,BHZ,P,2023-02-06T10:29:40.83Z,smi:org.gfz-potsdam.de/geofon/Pick/20230206181043.285934.748795
JP,JTM,BHZ,P,2023-02-06T10:36:30.99Z,smi:org.gfz-potsdam.de/geofon/Pick/20230206200041.566231.799829
IA,PPBI,BHZ,P,2023-02-06T10:36:28.6Z,smi:org.gfz-potsdam.de/geofon/Pick/20230206200041.566326.799830
II,COCO,BHZ,P,2023-02-06T10:36:31.66Z,smi:org.gfz-potsdam.de/geofon/Pick/20230206200041.566415.799831
IA,MDSI,BHZ,P,2023-02-06T10:36:27.01Z,smi:org.gfz-potsdam.de/geofon/Pick/20230206200041.566504.799832
IA,LWLI,BHZ,P,2023-02-06T10:36:29.66Z,smi:org.gfz-potsdam.de/geofon/Pick/20230206200041.566588.799833
II,ERM,BHZ,P,2023-02-06T10:36:34.79Z,smi:org.gfz-potsdam.de/geofon/Pick/20230206200041.566672.799834
IA,KLSI,BHZ,P,2023-02-06T10:36:30.22Z,smi:org.gfz-potsdam.de/geofon/Pick/20230206200041.566754.799835
G,INU,BHZ,P,2023-02-06T10:36:35.24Z,smi:org.gfz-potsdam.de/geofon/Pick/20230206200041.566829.799836
IU,MAJO,BHZ,P,2023-02-06T10:36:35.73Z,smi:org.gfz-potsdam.de/geofon/Pick/20230206200041.566915.799837
JP,JGF,BHZ,P,2023-02-06T10:36:35.73Z,smi:org.gfz-potsdam.de/geofon/Pick/20230206200041.567006.799838
IU,PET,BHZ,P,2023-02-06T10:36:35.91Z,smi:org.gfz-potsdam.de/geofon/Pick/20230206200041.567091.799839
IA,BLSI,BHZ,P,2023-02-06T10:36:34.79Z,smi:org.gfz-potsdam.de/geofon/Pick/20230206200041.567174.799840
IU,HRV,BHZ,P,2023-02-06T10:36:42.6Z,smi:org.gfz-potsdam.de/geofon/Pick/20230206200041.567256.799841
JP,JSG,BHZ,P,2023-02-06T10:36:43.88Z,smi:org.gfz-potsdam.de/geofon/Pick/20230206200041.56734.799842
IU,COLA,BHZ,P,2023-02-06T10:36:44.83Z,smi:org.gfz-potsdam.de/geofon/Pick/20230206200041.56743.799843
US,EGAK,BHZ,P,2023-02-06T10:36:45.62Z,smi:org.gfz-potsdam.de/geofon/Pick/20230206200041.567553.799844
JP,JMZ,BHZ,P,2023-02-06T10:36:46.73Z,smi:org.gfz-potsdam.de/geofon/Pick/20230206200041.567648.799845
MY,KKM,BHZ,P,2023-02-06T10:36:45.48Z,smi:org.gfz-potsdam.de/geofon/Pick/20230206200041.567736.799846
CN,KAPO,HHZ,P,2023-02-06T10:36:47.42Z,smi:org.gfz-potsdam.de/geofon/Pick/20230206200041.567803.799847
IA,TNGI,BHZ,P,2023-02-06T10:36:45.76Z,smi:org.gfz-potsdam.de/geofon/Pick/20230206200041.567883.799848
IA,DBJI,BHZ,P,2023-02-06T10:36:46.03Z,smi:org.gfz-potsdam.de/geofon/Pick/20230206200041.56796.799849
GE,SMRI,BHZ,P,2023-02-06T10:37:05.22Z,smi:org.gfz-potsdam.de/geofon/Pick/20230206200041.568174.799851
IA,YOGI,BHZ,P,2023-02-06T10:37:06.5Z,smi:org.gfz-potsdam.de/geofon/Pick/20230206200041.568303.799852
GE,UGM,BHZ,P,2023-02-06T10:37:07.91Z,smi:org.gfz-potsdam.de/geofon/Pick/20230206200041.568396.799853
IA,WOJI,BHZ,P,2023-02-06T10:37:08.81Z,smi:org.gfz-potsdam.de/geofon/Pick/20230206200041.568497.799854
IA,PCJI,BHZ,P,2023-02-06T10:37:11.42Z,smi:org.gfz-potsdam.de/geofon/Pick/20230206200041.56868.799856
IU,ADK,BHZ,P,2023-02-06T10:37:28.51Z,smi:org.gfz-potsdam.de/geofon/Pick/20230206200041.568851.799857
IA,MRSI,BHZ,P,2023-02-06T10:37:25.83Z,smi:org.gfz-potsdam.de/geofon/Pick/20230206200041.568983.799858
IA,SMSI,BHZ,P,2023-02-06T10:37:26.09Z,smi:org.gfz-potsdam.de/geofon/Pick/20230206200041.569075.799859
IA,PMSI,BHZ,P,2023-02-06T10:37:27.87Z,smi:org.gfz-potsdam.de/geofon/Pick/20230206200041.569163.799860
IA,DNP,BHZ,P,2023-02-06T10:37:29.7Z,smi:org.gfz-potsdam.de/geofon/Pick/20230206200041.569252.799861
IA,TTSI,BHZ,P,2023-02-06T10:37:28.04Z,smi:org.gfz-potsdam.de/geofon/Pick/20230206200041.569338.799862
CU,ANWB,BHZ,P,2023-02-06T10:37:30.71Z,smi:org.gfz-potsdam.de/geofon/Pick/20230206200041.569408.799863
IA,IGBI,BHZ,P,2023-02-06T10:37:29.19Z,smi:org.gfz-potsdam.de/geofon/Pick/20230206200041.5695.799864
WI,DSD,BHZ,P,2023-02-06T10:37:31.91Z,smi:org.gfz-potsdam.de/geofon/Pick/20230206200041.569606.799865
IA,SPSI,BHZ,P,2023-02-06T10:37:31.04Z,smi:org.gfz-potsdam.de/geofon/Pick/20230206200041.5697.799866
IA,TWSI,BHZ,P,2023-02-06T10:37:34.56Z,smi:org.gfz-potsdam.de/geofon/Pick/20230206200041.56994.799868
IA,TMSI,BHZ,P,2023-02-06T10:37:34.25Z,smi:org.gfz-potsdam.de/geofon/Pick/20230206200041.57003.799869
WI,BIM,BHZ,P,2023-02-06T10:37:38.16Z,smi:org.gfz-potsdam.de/geofon/Pick/20230206200041.570132.799870
US,TZTN,BHZ,P,2023-02-06T10:37:38.75Z,smi:org.gfz-potsdam.de/geofon/Pick/20230206200041.570236.799871
IA,BKSI,BHZ,P,2023-02-06T10:37:36.5Z,smi:org.gfz-potsdam.de/geofon/Pick/20230206200041.570326.799872
IU,WCI,BHZ,P,2023-02-06T10:37:38.69Z,smi:org.gfz-potsdam.de/geofon/Pick/20230206200041.570419.799873
GE,PLAI,BHZ,P,2023-02-06T10:37:36.58Z,smi:org.gfz-potsdam.de/geofon/Pick/20230206200041.570499.799874
IA,KKSI,BHZ,P,2023-02-06T10:37:39.97Z,smi:org.gfz-potsdam.de/geofon/Pick/20230206200041.570581.799875
US,ECSD,BHZ,P,2023-02-06T10:37:41.54Z,smi:org.gfz-potsdam.de/geofon/Pick/20230206200041.570681.799876
IU,SJG,BHZ,P,2023-02-06T10:37:44.97Z,smi:org.gfz-potsdam.de/geofon/Pick/20230206200041.570772.799877
CU,GRGR,BHZ,P,2023-02-06T10:37:47.21Z,smi:org.gfz-potsdam.de/geofon/Pick/20230206200041.570843.799878
IA,BBSI,BHZ,P,2023-02-06T10:37:47.18Z,smi:org.gfz-potsdam.de/geofon/Pick/20230206200041.570937.799879
US,GOGA,BHZ,P,2023-02-06T10:37:49.11Z,smi:org.gfz-potsdam.de/geofon/Pick/20230206200041.571039.799880
IU,WVT,BHZ,P,2023-02-06T10:37:49.35Z,smi:org.gfz-potsdam.de/geofon/Pick/20230206200041.571133.799881
GE,SANI,BHZ,P,2023-02-06T10:37:48.21Z,smi:org.gfz-potsdam.de/geofon/Pick/20230206200041.571217.799882
CU,GRTK,BHZ,P,2023-02-06T10:37:51.68Z,smi:org.gfz-potsdam.de/geofon/Pick/20230206200041.57129.799883
IU,CCM,BHZ,P,2023-02-06T10:37:51.23Z,smi:org.gfz-potsdam.de/geofon/Pick/20230206200041.571387.799884
IA,LBMI,BHZ,P,2023-02-06T10:37:51.36Z,smi:org.gfz-potsdam.de/geofon/Pick/20230206200041.571478.799885
IU,RSSD,BHZ,P,2023-02-06T10:37:54.1Z,smi:org.gfz-potsdam.de/geofon/Pick/20230206200041.571577.799886
US,NEW,BHZ,P,2023-02-06T10:37:54.87Z,smi:org.gfz-potsdam.de/geofon/Pick/20230206200041.571681.799887
IA,EDFI,BHZ,P,2023-02-06T10:37:51.32Z,smi:org.gfz-potsdam.de/geofon/Pick/20230206200041.571772.799888
IA,BASI,BHZ,P,2023-02-06T10:37:54.58Z,smi:org.gfz-potsdam.de/geofon/Pick/20230206200041.571855.799889
GE,MMRI,BHZ,P,2023-02-06T10:37:53.36Z,smi:org.gfz-potsdam.de/geofon/Pick/20230206200041.571931.799890
IA,NLAI,BHZ,P,2023-02-06T10:37:57.07Z,smi:org.gfz-potsdam.de/geofon/Pick/20230206200041.572011.799891
CU,SDDR,BHZ,P,2023-02-06T10:38:00.51Z,smi:org.gfz-potsdam.de/geofon/Pick/20230206200041.572086.799892
II,DGAR,BHZ,P,2023-02-06T10:34:26.89Z,smi:org.gfz-potsdam.de/geofon/Pick/20230206200157.479359.799904
II,SACV,BHZ,P,2023-02-06T10:34:42.68Z,smi:org.gfz-potsdam.de/geofon/Pick/20230206200157.479538.799905
IU,TSUM,BHZ,P,2023-02-06T10:34:56.16Z,smi:org.gfz-potsdam.de/geofon/Pick/20230206200157.479714.799906
GT,LBTB,BHZ,P,2023-02-06T10:35:22.44Z,smi:org.gfz-potsdam.de/geofon/Pick/20230206200157.480004.799908
MN,BLY,BHZ,P,2023-02-06T10:28:40.46Z,smi:org.gfz-potsdam.de/geofon/Pick/20230206200530.896646.803099
PL,NIE,HHZ,P,2023-02-06T10:28:41.92Z,smi:org.gfz-potsdam.de/geofon/Pick/20230206200530.896892.803100
HU,CSKK,HHZ,P,2023-02-06T10:28:44.39Z,smi:org.gfz-potsdam.de/geofon/Pick/20230206200530.897007.803101
HU,TIH,HHZ,P,2023-02-06T10:28:44.92Z,smi:org.gfz-potsdam.de/geofon/Pick/20230206200530.897108.803102
MN,CUC,HHZ,P,2023-02-06T10:28:43.63Z,smi:org.gfz-potsdam.de/geofon/Pick/20230206200530.897225.803103
GE,MARCO,BHZ,P,2023-02-06T10:28:43.71Z,smi:org.gfz-potsdam.de/geofon/Pick/20230206200530.897327.803104
CR,KIJV,BHZ,P,2023-02-06T10:28:45.29Z,smi:org.gfz-potsdam.de/geofon/Pick/20230206200530.897414.803105
II,OBN,BHZ,P,2023-02-06T10:28:45.64Z,smi:org.gfz-potsdam.de/geofon/Pick/20230206200530.897532.803106
HU,MPLH,HHZ,P,2023-02-06T10:28:49.22Z,smi:org.gfz-potsdam.de/geofon/Pick/20230206200530.897643.803107
HU,BEHE,HHZ,P,2023-02-06T10:28:51.46Z,smi:org.gfz-potsdam.de/geofon/Pick/20230206200530.897746.803108
HU,EGYH,HHZ,P,2023-02-06T10:28:53.49Z,smi:org.gfz-potsdam.de/geofon/Pick/20230206200530.897846.803109
PL,OJC,BHZ,P,2023-02-06T10:28:50.2Z,smi:org.gfz-potsdam.de/geofon/Pick/20230206200530.897963.803110
CR,ZAG,BHZ,P,2023-02-06T10:28:54.63Z,smi:org.gfz-potsdam.de/geofon/Pick/20230206200530.898054.803111
SK,MODS,HHZ,P,2023-02-06T10:28:58.09Z,smi:org.gfz-potsdam.de/geofon/Pick/20230206200530.898173.803112
CZ,JAVC,BHZ,P,2023-02-06T10:28:58.75Z,smi:org.gfz-potsdam.de/geofon/Pick/20230206200530.898274.803113
SK,ZST,HHZ,P,2023-02-06T10:28:58.04Z,smi:org.gfz-potsdam.de/geofon/Pick/20230206200530.898394.803114
HU,SOP,HHZ,P,2023-02-06T10:28:59.17Z,smi:org.gfz-potsdam.de/geofon/Pick/20230206200530.898504.803115
PL,BEL,HHZ,P,2023-02-06T10:28:56.36Z,smi:org.gfz-potsdam.de/geofon/Pick/20230206200530.89861.803116
GE,MORC,BHZ,P,2023-02-06T10:29:03.35Z,smi:org.gfz-potsdam.de/geofon/Pick/20230206200530.898711.803117
OE,ARSA,BHZ,P,2023-02-06T10:29:04.71Z,smi:org.gfz-potsdam.de/geofon/Pick/20230206200530.898825.803118
CZ,KRUC,BHZ,P,2023-02-06T10:29:07.8Z,smi:org.gfz-potsdam.de/geofon/Pick/20230206200530.898919.803119
CZ,VRAC,BHZ,P,2023-02-06T10:29:07.91Z,smi:org.gfz-potsdam.de/geofon/Pick/20230206200530.899005.803120
PL,SUW,HHZ,P,2023-02-06T10:29:03.73Z,smi:org.gfz-potsdam.de/geofon/Pick/20230206200530.899116.803121
MN,AQU,BHZ,P,2023-02-06T10:29:08.52Z,smi:org.gfz-potsdam.de/geofon/Pick/20230206200530.899222.803122
OE,OBKA,BHZ,P,2023-02-06T10:29:09.41Z,smi:org.gfz-potsdam.de/geofon/Pick/20230206200530.899343.803123
OX,SABO,HHZ,P,2023-02-06T10:29:13.93Z,smi:org.gfz-potsdam.de/geofon/Pick/20230206200530.899465.803124
OX,DRE,HHZ,P,2023-02-06T10:29:14.48Z,smi:org.gfz-potsdam.de/geofon/Pick/20230206200530.899584.803125
OX,PRED,HHZ,P,2023-02-06T10:29:16.5Z,smi:org.gfz-potsdam.de/geofon/Pick/20230206200530.8997.803126
OE,MOA,BHZ,P,2023-02-06T10:29:16.77Z,smi:org.gfz-potsdam.de/geofon/Pick/20230206200530.899822.803127
OX,ACOM,HHZ,P,2023-02-06T10:29:17.68Z,smi:org.gfz-potsdam.de/geofon/Pick/20230206200530.89994.803128
PL,KSP,HHZ,P,2023-02-06T10:29:17.88Z,smi:org.gfz-potsdam.de/geofon/Pick/20230206200530.900058.803129
GE,PABE,BHZ,P,2023-02-06T10:29:15.83Z,smi:org.gfz-potsdam.de/geofon/Pick/20230206200530.900154.803130
OE,KBA,BHZ,P,2023-02-06T10:29:20.33Z,smi:org.gfz-potsdam.de/geofon/Pick/20230206200530.900272.803131
OX,FUSE,HHZ,P,2023-02-06T10:29:20.09Z,smi:org.gfz-potsdam.de/geofon/Pick/20230206200530.900389.803132
OX,CIMO,HHZ,P,2023-02-06T10:29:23.44Z,smi:org.gfz-potsdam.de/geofon/Pick/20230206200530.90054.803133
GR,GEC2,BHZ,P,2023-02-06T10:29:23.98Z,smi:org.gfz-potsdam.de/geofon/Pick/20230206200530.900647.803134
CZ,PRA,BHZ,P,2023-02-06T10:29:25.36Z,smi:org.gfz-potsdam.de/geofon/Pick/20230206200530.900742.803135
BW,RJOB,BHZ,P,2023-02-06T10:29:25.89Z,smi:org.gfz-potsdam.de/geofon/Pick/20230206200530.900822.803136
PL,GKP,HHZ,P,2023-02-06T10:29:24.75Z,smi:org.gfz-potsdam.de/geofon/Pick/20230206200530.900936.803137
GE,PBUR,BHZ,P,2023-02-06T10:29:29.37Z,smi:org.gfz-potsdam.de/geofon/Pick/20230206200530.901033.803138
II,UOSS,BHZ,P,2023-02-06T10:29:29.78Z,smi:org.gfz-potsdam.de/geofon/Pick/20230206200530.901144.803139
GR,WET,BHZ,P,2023-02-06T10:29:29.8Z,smi:org.gfz-potsdam.de/geofon/Pick/20230206200530.901245.803140
GR,FUR,BHZ,P,2023-02-06T10:29:37.47Z,smi:org.gfz-potsdam.de/geofon/Pick/20230206200530.901347.803141
BW,ROTZ,BHZ,P,2023-02-06T10:29:36.88Z,smi:org.gfz-potsdam.de/geofon/Pick/20230206200530.901432.803142
GR,GRC3,BHZ,P,2023-02-06T10:29:37.21Z,smi:org.gfz-potsdam.de/geofon/Pick/20230206200530.901532.803143
GR,GRB5,BHZ,P,2023-02-06T10:29:37.25Z,smi:org.gfz-potsdam.de/geofon/Pick/20230206200530.901628.803144
GR,GRB3,BHZ,P,2023-02-06T10:29:37.4Z,smi:org.gfz-potsdam.de/geofon/Pick/20230206200530.901724.803145
GR,GRC1,BHZ,P,2023-02-06T10:29:37.83Z,smi:org.gfz-potsdam.de/geofon/Pick/20230206200530.901821.803146
SX,TANN,BHZ,P,2023-02-06T10:29:38.66Z,smi:org.gfz-potsdam.de/geofon/Pick/20230206200530.901957.803147
GR,GRB2,BHZ,P,2023-02-06T10:29:37.84Z,smi:org.gfz-potsdam.de/geofon/Pick/20230206200530.902062.803148
BW,MANZ,BHZ,P,2023-02-06T10:29:38.46Z,smi:org.gfz-potsdam.de/geofon/Pick/20230206200530.902148.803149
GE,VSU,BHZ,P,2023-02-06T10:29:38.23Z,smi:org.gfz-potsdam.de/geofon/Pick/20230206200530.902246.803150
GR,GRC4,BHZ,P,2023-02-06T10:29:38.06Z,smi:org.gfz-potsdam.de/geofon/Pick/20230206200530.902346.803151
GR,GRC2,BHZ,P,2023-02-06T10:29:38.52Z,smi:org.gfz-potsdam.de/geofon/Pick/20230206200530.902445.803152
SK,KECS,EHZ,P,2023-02-06T10:28:35.05Z,smi:org.gfz-potsdam.de/geofon/Pick/20230206200613.729431.803165
II,RAYN,BHZ,P,2023-02-06T10:28:32.01Z,smi:org.gfz-potsdam.de/geofon/Pick/20230206200613.729696.803166
KC,ASAI,BHZ,P,2023-02-06T10:31:01.78Z,smi:org.gfz-potsdam.de/geofon/Pick/20230206201000.757616.803603
GB,CWF,HHZ,P,2023-02-06T10:31:00.32Z,smi:org.gfz-potsdam.de/geofon/Pick/20230206201000.757871.803604
KR,KDJ,BHZ,P,2023-02-06T10:31:04.89Z,smi:org.gfz-potsdam.de/geofon/Pick/20230206201000.757997.803605
GB,LBWR,HHZ,P,2023-02-06T10:31:04.18Z,smi:org.gfz-potsdam.de/geofon/Pick/20230206201000.758092.803606
KR,ANVS,BHZ,P,2023-02-06T10:31:07.06Z,smi:org.gfz-potsdam.de/geofon/Pick/20230206201000.758206.803607
RD,ROSF,BHZ,P,2023-02-06T10:31:05.15Z,smi:org.gfz-potsdam.de/geofon/Pick/20230206201000.758347.803608
ES,ELAN,HHZ,P,2023-02-06T10:31:06.56Z,smi:org.gfz-potsdam.de/geofon/Pick/20230206201000.758433.803609
KC,TARG,BHZ,P,2023-02-06T10:31:10.05Z,smi:org.gfz-potsdam.de/geofon/Pick/20230206201000.758545.803610
G,TAM,BHZ,P,2023-02-06T10:31:08.62Z,smi:org.gfz-potsdam.de/geofon/Pick/20230206201000.758633.803611
WM,UCM,BHZ,P,2023-02-06T10:31:08.47Z,smi:org.gfz-potsdam.de/geofon/Pick/20230206201000.75878.803612
KR,PRZ,BHZ,P,2023-02-06T10:31:12.98Z,smi:org.gfz-potsdam.de/geofon/Pick/20230206201000.758907.803613
WM,CHAS,BHZ,P,2023-02-06T10:31:13.73Z,smi:org.gfz-potsdam.de/geofon/Pick/20230206201000.75904.803614
GB,KESW,HHZ,P,2023-02-06T10:31:14.31Z,smi:org.gfz-potsdam.de/geofon/Pick/20230206201000.759133.803615
II,ESK,BHZ,P,2023-02-06T10:31:15.9Z,smi:org.gfz-potsdam.de/geofon/Pick/20230206201000.759239.803616
GB,ESK,HHZ,P,2023-02-06T10:31:16.1Z,smi:org.gfz-potsdam.de/geofon/Pick/20230206201000.759322.803617
WM,WMELI,BHZ,P,2023-02-06T10:31:17.1Z,smi:org.gfz-potsdam.de/geofon/Pick/20230206201000.759458.803618
G,WUS,BHZ,P,2023-02-06T10:31:18.94Z,smi:org.gfz-potsdam.de/geofon/Pick/20230206201000.75956.803619
IU,KEV,BHZ,P,2023-02-06T10:31:17.84Z,smi:org.gfz-potsdam.de/geofon/Pick/20230206201000.759727.803620
HE,KEV,HHZ,P,2023-02-06T10:31:17.78Z,smi:org.gfz-potsdam.de/geofon/Pick/20230206201000.75986.803621
IU,PAB,BHZ,P,2023-02-06T10:31:17.51Z,smi:org.gfz-potsdam.de/geofon/Pick/20230206201000.760033.803622
HE,KIF,HHZ,P,2023-02-06T10:31:17.7Z,smi:org.gfz-potsdam.de/geofon/Pick/20230206201000.76019.803623
GB,CCA1,HHZ,P,2023-02-06T10:31:18.54Z,smi:org.gfz-potsdam.de/geofon/Pick/20230206201000.760341.803624
ES,EADA,BHZ,P,2023-02-06T10:31:21.54Z,smi:org.gfz-potsdam.de/geofon/Pick/20230206201000.760486.803625
WM,EMAL,BHZ,P,2023-02-06T10:31:22.56Z,smi:org.gfz-potsdam.de/geofon/Pick/20230206201000.760685.803626
GE,DSB,BHZ,P,2023-02-06T10:31:28.38Z,smi:org.gfz-potsdam.de/geofon/Pick/20230206201000.76083.803627
GE,ILTH,BHZ,P,2023-02-06T10:31:28.88Z,smi:org.gfz-potsdam.de/geofon/Pick/20230206201000.760952.803628
EI,IWEX,BHZ,P,2023-02-06T10:31:28.92Z,smi:org.gfz-potsdam.de/geofon/Pick/20230206201000.761037.803629
ES,ECAL,BHZ,P,2023-02-06T10:31:28.94Z,smi:org.gfz-potsdam.de/geofon/Pick/20230206201000.761116.803630
GB,CLGH,HHZ,P,2023-02-06T10:31:30.21Z,smi:org.gfz-potsdam.de/geofon/Pick/20230206201000.761206.803631
IU,MAKZ,BHZ,P,2023-02-06T10:31:31.71Z,smi:org.gfz-potsdam.de/geofon/Pick/20230206201000.761338.803632
WM,CEU,BHZ,P,2023-02-06T10:31:29.05Z,smi:org.gfz-potsdam.de/geofon/Pick/20230206201000.761495.803633
WM,SFS,BHZ,P,2023-02-06T10:31:35.05Z,smi:org.gfz-potsdam.de/geofon/Pick/20230206201000.761643.803634
EI,IDGL,BHZ,P,2023-02-06T10:31:36.76Z,smi:org.gfz-potsdam.de/geofon/Pick/20230206201000.761731.803635
WM,IFR,BHZ,P,2023-02-06T10:31:37.42Z,smi:org.gfz-potsdam.de/geofon/Pick/20230206201000.761865.803636
GE,MTE,BHZ,P,2023-02-06T10:31:37.11Z,smi:org.gfz-potsdam.de/geofon/Pick/20230206201000.761963.803637
WM,ARNO,BHZ,P,2023-02-06T10:31:37.52Z,smi:org.gfz-potsdam.de/geofon/Pick/20230206201000.762111.803638
PM,PESTR,BHZ,P,2023-02-06T10:31:39.58Z,smi:org.gfz-potsdam.de/geofon/Pick/20230206201000.762235.803639
WM,EVO,BHZ,P,2023-02-06T10:31:43.19Z,smi:org.gfz-potsdam.de/geofon/Pick/20230206201000.762372.803640
EI,IGLA,HHZ,P,2023-02-06T10:31:44.01Z,smi:org.gfz-potsdam.de/geofon/Pick/20230206201000.762458.803641
PM,PVAQ,BHZ,P,2023-02-06T10:31:43.41Z,smi:org.gfz-potsdam.de/geofon/Pick/20230206201000.762575.803642
GE,VAL,BHZ,P,2023-02-06T10:31:47.36Z,smi:org.gfz-potsdam.de/geofon/Pick/20230206201000.762668.803643
MN,RTC,BHZ,P,2023-02-06T10:31:46.95Z,smi:org.gfz-potsdam.de/geofon/Pick/20230206201000.762794.803644
PM,PFVI,BHZ,P,2023-02-06T10:31:51.89Z,smi:org.gfz-potsdam.de/geofon/Pick/20230206201000.762921.803645
WM,AVE,BHZ,P,2023-02-06T10:31:53.21Z,smi:org.gfz-potsdam.de/geofon/Pick/20230206201000.763056.803646
WM,TIO,BHZ,P,2023-02-06T10:31:59.83Z,smi:org.gfz-potsdam.de/geofon/Pick/20230206201000.763187.803647
II,MBAR,BHZ,P,2023-02-06T10:32:16.09Z,smi:org.gfz-potsdam.de/geofon/Pick/20230206201000.76331.803648
GR,BRG,BHZ,P,2023-02-06T10:29:31.73Z,smi:org.gfz-potsdam.de/geofon/Pick/20230206201240.880297.804381
GR,GRB1,BHZ,P,2023-02-06T10:29:38.52Z,smi:org.gfz-potsdam.de/geofon/Pick/20230206201240.880572.804382
GR,CLL,BHZ,P,2023-02-06T10:29:39.4Z,smi:org.gfz-potsdam.de/geofon/Pick/20230206201240.880684.804383
CH,FUORN,BHZ,P,2023-02-06T10:29:40.68Z,smi:org.gfz-potsdam.de/geofon/Pick/20230206201240.880763.804384
GR,GRB4,BHZ,P,2023-02-06T10:29:39.51Z,smi:org.gfz-potsdam.de/geofon/Pick/20230206201240.880853.804385
FR,SMPL,BHZ,P,2023-02-06T10:29:39.91Z,smi:org.gfz-potsdam.de/geofon/Pick/20230206201240.880934.804386
GE,RUE,BHZ,P,2023-02-06T10:29:40.27Z,smi:org.gfz-potsdam.de/geofon/Pick/20230206201240.881049.804387
GR,GRA2,BHZ,P,2023-02-06T10:29:41.76Z,smi:org.gfz-potsdam.de/geofon/Pick/20230206201240.881176.804388
GE,SLIT,BHZ,P,2023-02-06T10:29:41.16Z,smi:org.gfz-potsdam.de/geofon/Pick/20230206201240.881313.804389
GR,GRA3,BHZ,P,2023-02-06T10:29:42.67Z,smi:org.gfz-potsdam.de/geofon/Pick/20230206201240.881419.804390
RD,PGF,BHZ,P,2023-02-06T10:29:42.38Z,smi:org.gfz-potsdam.de/geofon/Pick/20230206201240.881624.804391
GR,GRA1,BHZ,P,2023-02-06T10:29:42.8Z,smi:org.gfz-potsdam.de/geofon/Pick/20230206201240.881729.804392
IU,GRFO,BHZ,P,2023-02-06T10:29:42.78Z,smi:org.gfz-potsdam.de/geofon/Pick/20230206201240.881843.804393
GR,UBR,BHZ,P,2023-02-06T10:29:43.32Z,smi:org.gfz-potsdam.de/geofon/Pick/20230206201240.881964.804394
OE,DAVA,BHZ,P,2023-02-06T10:29:44.07Z,smi:org.gfz-potsdam.de/geofon/Pick/20230206201240.882109.804395
GX,WANN,HHZ,P,2023-02-06T10:29:43.45Z,smi:org.gfz-potsdam.de/geofon/Pick/20230206201240.88224.804396
GR,MOX,BHZ,P,2023-02-06T10:29:44.69Z,smi:org.gfz-potsdam.de/geofon/Pick/20230206201240.882393.804397
GR,LNIZ,BHZ,P,2023-02-06T10:29:43.62Z,smi:org.gfz-potsdam.de/geofon/Pick/20230206201240.88254.804398
GE,PUL,BHZ,P,2023-02-06T10:29:45.08Z,smi:org.gfz-potsdam.de/geofon/Pick/20230206201240.882661.804399
SX,NEUB,BHZ,P,2023-02-06T10:29:46.08Z,smi:org.gfz-potsdam.de/geofon/Pick/20230206201240.882869.804400
CH,MUGIO,BHZ,P,2023-02-06T10:29:46.56Z,smi:org.gfz-potsdam.de/geofon/Pick/20230206201240.883003.804401
EE,MTSE,BHZ,P,2023-02-06T10:29:47.92Z,smi:org.gfz-potsdam.de/geofon/Pick/20230206201240.883136.804402
SX,WIMM,BHZ,P,2023-02-06T10:29:48.62Z,smi:org.gfz-potsdam.de/geofon/Pick/20230206201240.883316.804403
EE,ARBE,BHZ,P,2023-02-06T10:29:48.95Z,smi:org.gfz-potsdam.de/geofon/Pick/20230206201240.88344.804404
GE,FALKS,BHZ,P,2023-02-06T10:29:50.67Z,smi:org.gfz-potsdam.de/geofon/Pick/20230206201240.883571.804405
GE,STU,BHZ,P,2023-02-06T10:29:52.09Z,smi:org.gfz-potsdam.de/geofon/Pick/20230206201240.883673.804406
CH,BNALP,BHZ,P,2023-02-06T10:29:52.61Z,smi:org.gfz-potsdam.de/geofon/Pick/20230206201240.88375.804407
GE,FLT1,BHZ,P,2023-02-06T10:29:53.27Z,smi:org.gfz-potsdam.de/geofon/Pick/20230206201240.883833.804408
CH,SLE,BHZ,P,2023-02-06T10:29:54.11Z,smi:org.gfz-potsdam.de/geofon/Pick/20230206201240.883912.804409
FR,SAOF,BHZ,P,2023-02-06T10:29:54.67Z,smi:org.gfz-potsdam.de/geofon/Pick/20230206201240.88399.804410
GR,UBBA,BHZ,P,2023-02-06T10:29:51.37Z,smi:org.gfz-potsdam.de/geofon/Pick/20230206201240.884078.804411
FR,MON,BHZ,P,2023-02-06T10:29:55.38Z,smi:org.gfz-potsdam.de/geofon/Pick/20230206201240.884156.804412
GE,RGN,BHZ,P,2023-02-06T10:29:54.64Z,smi:org.gfz-potsdam.de/geofon/Pick/20230206201240.88424.804413
FR,ESCA,BHZ,P,2023-02-06T10:29:55.75Z,smi:org.gfz-potsdam.de/geofon/Pick/20230206201240.884318.804414
GR,ASSE,BHZ,P,2023-02-06T10:29:55.72Z,smi:org.gfz-potsdam.de/geofon/Pick/20230206201240.884412.804415
GR,BFO,BHZ,P,2023-02-06T10:29:56.88Z,smi:org.gfz-potsdam.de/geofon/Pick/20230206201240.884508.804416
GR,CLZ,BHZ,P,2023-02-06T10:29:56.55Z,smi:org.gfz-potsdam.de/geofon/Pick/20230206201240.884596.804417
GR,GOR1,BHZ,P,2023-02-06T10:29:56.44Z,smi:org.gfz-potsdam.de/geofon/Pick/20230206201240.884682.804418
GR,GTTG,BHZ,P,2023-02-06T10:29:57.82Z,smi:org.gfz-potsdam.de/geofon/Pick/20230206201240.884775.804419
FR,ISO,BHZ,P,2023-02-06T10:29:58.83Z,smi:org.gfz-potsdam.de/geofon/Pick/20230206201240.884855.804420
FR,CALF,BHZ,P,2023-02-06T10:29:59.33Z,smi:org.gfz-potsdam.de/geofon/Pick/20230206201240.884955.804421
HE,MEF,HHZ,P,2023-02-06T10:30:00.05Z,smi:org.gfz-potsdam.de/geofon/Pick/20230206201240.885423.804422
CH,BOURR,BHZ,P,2023-02-06T10:30:01.61Z,smi:org.gfz-potsdam.de/geofon/Pick/20230206201240.885572.804423
GR,TNS,BHZ,P,2023-02-06T10:30:01.74Z,smi:org.gfz-potsdam.de/geofon/Pick/20230206201240.885732.804424
MN,BNI,BHZ,P,2023-02-06T10:30:02.11Z,smi:org.gfz-potsdam.de/geofon/Pick/20230206201240.885927.804425
FR,OGAG,HHZ,P,2023-02-06T10:30:03.31Z,smi:org.gfz-potsdam.de/geofon/Pick/20230206201240.886067.804426
G,ECH,BHZ,P,2023-02-06T10:30:03.53Z,smi:org.gfz-potsdam.de/geofon/Pick/20230206201240.886189.804427
FR,OGDI,HHZ,P,2023-02-06T10:30:04.29Z,smi:org.gfz-potsdam.de/geofon/Pick/20230206201240.886309.804428
DK,COP,BHZ,P,2023-02-06T10:30:06.6Z,smi:org.gfz-potsdam.de/geofon/Pick/20230206201240.88643.804429
CH,GIMEL,BHZ,P,2023-02-06T10:30:06.44Z,smi:org.gfz-potsdam.de/geofon/Pick/20230206201240.88654.804430
GR,BSEG,BHZ,P,2023-02-06T10:30:06.28Z,smi:org.gfz-potsdam.de/geofon/Pick/20230206201240.886679.804431
RD,ORIF,BHZ,P,2023-02-06T10:30:07.06Z,smi:org.gfz-potsdam.de/geofon/Pick/20230206201240.886873.804432
FR,RUSF,BHZ,P,2023-02-06T10:30:09.53Z,smi:org.gfz-potsdam.de/geofon/Pick/20230206201240.886998.804433
FR,ARBF,BHZ,P,2023-02-06T10:30:10.0000Z,smi:org.gfz-potsdam.de/geofon/Pick/20230206201240.887119.804434
GR,AHRW,BHZ,P,2023-02-06T10:30:11.01Z,smi:org.gfz-potsdam.de/geofon/Pick/20230206201240.887261.804435
GR,BUG,BHZ,P,2023-02-06T10:30:12.86Z,smi:org.gfz-potsdam.de/geofon/Pick/20230206201240.887401.804436
AC,KBN,HHZ,P,2023-02-06T10:27:57.2Z,smi:org.gfz-potsdam.de/geofon/Pick/20230207114127.646379.992450
HE,RAF,HHZ,P,2023-02-06T10:30:11.99Z,smi:org.gfz-potsdam.de/geofon/Pick/20230207114127.647055.992451
GE,IBBN,BHZ,P,2023-02-06T10:30:13.59Z,smi:org.gfz-potsdam.de/geofon/Pick/20230207114127.647154.992452
GE,WLF,BHZ,P,2023-02-06T10:30:13.12Z,smi:org.gfz-potsdam.de/geofon/Pick/20230207114127.647239.992453
GR,SKMB,BHZ,P,2023-02-06T10:30:15.29Z,smi:org.gfz-potsdam.de/geofon/Pick/20230207114127.647324.992454
G,SSB,BHZ,P,2023-02-06T10:30:15.98Z,smi:org.gfz-potsdam.de/geofon/Pick/20230207114127.647414.992455
NL,WTSB,BHZ,P,2023-02-06T10:30:17.41Z,smi:org.gfz-potsdam.de/geofon/Pick/20230207114127.647539.992456
BE,MEM,HHZ,P,2023-02-06T10:30:16.9Z,smi:org.gfz-potsdam.de/geofon/Pick/20230207114127.647613.992457
NL,HGN,BHZ,P,2023-02-06T10:30:17.79Z,smi:org.gfz-potsdam.de/geofon/Pick/20230207114127.647735.992458
WM,MAHO,BHZ,P,2023-02-06T10:30:17.41Z,smi:org.gfz-potsdam.de/geofon/Pick/20230207114127.647851.992459
GE,HLG,BHZ,P,2023-02-06T10:30:19.96Z,smi:org.gfz-potsdam.de/geofon/Pick/20230207114127.647933.992460
BE,RCHB,HHZ,P,2023-02-06T10:30:19.79Z,smi:org.gfz-potsdam.de/geofon/Pick/20230207114127.648002.992461
GE,KBU,BHZ,P,2023-02-06T10:30:22.07Z,smi:org.gfz-potsdam.de/geofon/Pick/20230207114127.64808.992462
NL,OPLO,BHZ,P,2023-02-06T10:30:21.32Z,smi:org.gfz-potsdam.de/geofon/Pick/20230207114127.648172.992463
KR,BTK,BHZ,P,2023-02-06T10:30:23.5Z,smi:org.gfz-potsdam.de/geofon/Pick/20230207114127.648276.992464
RD,LOR,BHZ,P,2023-02-06T10:30:22.41Z,smi:org.gfz-potsdam.de/geofon/Pick/20230207114127.648382.992465
DK,MUD,BHZ,P,2023-02-06T10:30:24.99Z,smi:org.gfz-potsdam.de/geofon/Pick/20230207114127.648485.992466
ES,EJON,BHZ,P,2023-02-06T10:30:25.47Z,smi:org.gfz-potsdam.de/geofon/Pick/20230207114127.648559.992467
BE,UCC,HHZ,P,2023-02-06T10:30:26.21Z,smi:org.gfz-potsdam.de/geofon/Pick/20230207114127.648624.992468
FR,SJAF,BHZ,P,2023-02-06T10:30:25.54Z,smi:org.gfz-potsdam.de/geofon/Pick/20230207114127.648693.992469
RD,MTLF,BHZ,P,2023-02-06T10:30:30.42Z,smi:org.gfz-potsdam.de/geofon/Pick/20230207114127.648804.992470
G,ATD,BHZ,P,2023-02-06T10:30:31.62Z,smi:org.gfz-potsdam.de/geofon/Pick/20230207114127.648883.992471
HE,OUF,HHZ,P,2023-02-06T10:30:33.97Z,smi:org.gfz-potsdam.de/geofon/Pick/20230207114127.648963.992472
IU,KONO,BHZ,P,2023-02-06T10:30:38.17Z,smi:org.gfz-potsdam.de/geofon/Pick/20230207114127.649051.992473
FN,OUL,BHZ,P,2023-02-06T10:30:38.51Z,smi:org.gfz-potsdam.de/geofon/Pick/20230207114127.649127.992474
ES,EIBI,HHZ,P,2023-02-06T10:30:39.92Z,smi:org.gfz-potsdam.de/geofon/Pick/20230207114127.649192.992475
FN,MSF,BHZ,P,2023-02-06T10:30:42.35Z,smi:org.gfz-potsdam.de/geofon/Pick/20230207114127.649263.992476
HE,KU6,HHZ,P,2023-02-06T10:30:42.61Z,smi:org.gfz-potsdam.de/geofon/Pick/20230207114127.649346.992477
RD,MFF,BHZ,P,2023-02-06T10:30:46.07Z,smi:org.gfz-potsdam.de/geofon/Pick/20230207114127.64945.992478
ES,EMOS,BHZ,P,2023-02-06T10:30:51.35Z,smi:org.gfz-potsdam.de/geofon/Pick/20230207114127.649531.992479
FN,RNF,BHZ,P,2023-02-06T10:30:51.46Z,smi:org.gfz-potsdam.de/geofon/Pick/20230207114127.649602.992480
II,NIL,BHZ,P,2023-02-06T10:30:53.61Z,smi:org.gfz-potsdam.de/geofon/Pick/20230207114127.649683.992481
II,LVZ,BHZ,P,2023-02-06T10:30:57.23Z,smi:org.gfz-potsdam.de/geofon/Pick/20230207114127.649784.992482
GB,LMK,HHZ,P,2023-02-06T10:30:57.6Z,smi:org.gfz-potsdam.de/geofon/Pick/20230207114127.64989.992483
HE,VRF,HHZ,P,2023-02-06T10:30:58.5Z,smi:org.gfz-potsdam.de/geofon/Pick/20230207114127.649975.992484
FN,SGF,BHZ,P,2023-02-06T10:30:58.48Z,smi:org.gfz-potsdam.de/geofon/Pick/20230207114127.650058.992485
WM,CART,BHZ,P,2023-02-06T10:30:57.31Z,smi:org.gfz-potsdam.de/geofon/Pick/20230207114127.650193.992486
ES,EMUR,BHZ,P,2023-02-06T10:30:59.06Z,smi:org.gfz-potsdam.de/geofon/Pick/20230207114127.650296.992487
II,AAK,BHZ,P,2023-02-06T10:30:46.77Z,smi:org.gfz-potsdam.de/geofon/Pick/20230207114139.726683.992490
II,KURK,BHZ,P,2023-02-06T10:31:13.82Z,smi:org.gfz-potsdam.de/geofon/Pick/20230207114150.022707.992492
HE,HEF,HHZ,P,2023-02-06T10:31:09.11Z,smi:org.gfz-potsdam.de/geofon/Pick/20230207114208.727438.992494
GE,KMBO,BHZ,P,2023-02-06T10:32:16.88Z,smi:org.gfz-potsdam.de/geofon/Pick/20230207114449.430125.992888
PL,HSPB,HHZ,P,2023-02-06T10:32:25.2Z,smi:org.gfz-potsdam.de/geofon/Pick/20230207114449.430433.992889
GE,KIBK,BHZ,P,2023-02-06T10:32:26.38Z,smi:org.gfz-potsdam.de/geofon/Pick/20230207114449.430549.992890
GE,KBS,BHZ,P,2023-02-06T10:32:42.46Z,smi:org.gfz-potsdam.de/geofon/Pick/20230207114449.430643.992891
IO,EVN,BHZ,P,2023-02-06T10:32:44.41Z,smi:org.gfz-potsdam.de/geofon/Pick/20230207114449.430749.992892
ES,EFAM,HHZ,P,2023-02-06T10:32:47.3Z,smi:org.gfz-potsdam.de/geofon/Pick/20230207114449.430847.992893
II,BORG,BHZ,P,2023-02-06T10:32:50.64Z,smi:org.gfz-potsdam.de/geofon/Pick/20230207114449.430951.992894
IN,MNC,HHZ,P,2023-02-06T10:32:55.87Z,smi:org.gfz-potsdam.de/geofon/Pick/20230207114449.431052.992895
PM,PMOZ,BHZ,P,2023-02-06T10:32:57.3Z,smi:org.gfz-potsdam.de/geofon/Pick/20230207114449.431159.992896
DK,SCO,BHZ,P,2023-02-06T10:33:01.46Z,smi:org.gfz-potsdam.de/geofon/Pick/20230207114449.431248.992897
ES,EOSO,BHZ,P,2023-02-06T10:33:03.56Z,smi:org.gfz-potsdam.de/geofon/Pick/20230207114449.431326.992898
GE,HMDM,BHZ,P,2023-02-06T10:33:05.91Z,smi:org.gfz-potsdam.de/geofon/Pick/20230207114449.431414.992899
GE,DAG,HHZ,P,2023-02-06T10:33:09.62Z,smi:org.gfz-potsdam.de/geofon/Pick/20230207114449.431502.992900
GE,ACRG,BHZ,P,2023-02-06T10:33:18.63Z,smi:org.gfz-potsdam.de/geofon/Pick/20230207114449.431593.992901
II,TLY,BHZ,P,2023-02-06T10:33:24.87Z,smi:org.gfz-potsdam.de/geofon/Pick/20230207114449.431699.992902
IN,SHL,HHZ,P,2023-02-06T10:33:22.87Z,smi:org.gfz-potsdam.de/geofon/Pick/20230207114449.4318.992903
II,CMLA,BHZ,P,2023-02-06T10:33:33.65Z,smi:org.gfz-potsdam.de/geofon/Pick/20230207114449.4319.992904
GE,MALK,BHZ,P,2023-02-06T10:33:35.53Z,smi:org.gfz-potsdam.de/geofon/Pick/20230207114449.43199.992905
GT,DBIC,BHZ,P,2023-02-06T10:33:37.36Z,smi:org.gfz-potsdam.de/geofon/Pick/20230207114449.432082.992906
DK,ANGG,BHZ,P,2023-02-06T10:33:41.45Z,smi:org.gfz-potsdam.de/geofon/Pick/20230207114449.432169.992907
II,PALK,BHZ,P,2023-02-06T10:33:42.39Z,smi:org.gfz-potsdam.de/geofon/Pick/20230207114449.43227.992908
GE,KAAM,BHZ,P,2023-02-06T10:33:42.13Z,smi:org.gfz-potsdam.de/geofon/Pick/20230207114449.432357.992909
PM,ROSA,BHZ,P,2023-02-06T10:33:46.66Z,smi:org.gfz-potsdam.de/geofon/Pick/20230207114449.432519.992910
IU,ULN,BHZ,P,2023-02-06T10:33:47.34Z,smi:org.gfz-potsdam.de/geofon/Pick/20230207114449.432693.992911
GE,HALK,BHZ,P,2023-02-06T10:33:48.34Z,smi:org.gfz-potsdam.de/geofon/Pick/20230207114449.432824.992912
GE,SBV,BHZ,P,2023-02-06T10:34:03.95Z,smi:org.gfz-potsdam.de/geofon/Pick/20230207114449.432971.992913
GE,NPW,HHZ,P,2023-02-06T10:34:10.84Z,smi:org.gfz-potsdam.de/geofon/Pick/20230207114449.433074.992914
DK,NRS,BHZ,P,2023-02-06T10:34:13.99Z,smi:org.gfz-potsdam.de/geofon/Pick/20230207114449.433157.992915
DK,ILULI,BHZ,P,2023-02-06T10:34:15.9Z,smi:org.gfz-potsdam.de/geofon/Pick/20230207114449.433245.992916
GE,SFJD,BHZ,P,2023-02-06T10:34:18.45Z,smi:org.gfz-potsdam.de/geofon/Pick/20230207114449.433351.992917
DK,KULLO,BHZ,P,2023-02-06T10:34:19.64Z,smi:org.gfz-potsdam.de/geofon/Pick/20230207114449.433499.992918
G,IVI,BHZ,P,2023-02-06T10:34:23.01Z,smi:org.gfz-potsdam.de/geofon/Pick/20230207114449.43362.992919
IU,CHTO,BHZ,P,2023-02-06T10:34:30.86Z,smi:org.gfz-potsdam.de/geofon/Pick/20230207114449.433776.992920
II,ABPO,BHZ,P,2023-02-06T10:34:39.22Z,smi:org.gfz-potsdam.de/geofon/Pick/20230207114449.433894.992921
IU,YAK,BHZ,P,2023-02-06T10:34:43.01Z,smi:org.gfz-potsdam.de/geofon/Pick/20230207114449.434042.992922
RM,SLV,BHZ,P,2023-02-06T10:34:50.7Z,smi:org.gfz-potsdam.de/geofon/Pick/20230207114449.434163.992923
GE,VOI,BHZ,P,2023-02-06T10:34:58.19Z,smi:org.gfz-potsdam.de/geofon/Pick/20230207114449.434283.992924
G,RER,BHZ,P,2023-02-06T10:35:05.86Z,smi:org.gfz-potsdam.de/geofon/Pick/20230207114753.854315.992942
GE,LHMI,BHZ,P,2023-02-06T10:35:14.39Z,smi:org.gfz-potsdam.de/geofon/Pick/20230207114753.854622.992943
IA,KCSI,BHZ,P,2023-02-06T10:35:25.55Z,smi:org.gfz-potsdam.de/geofon/Pick/20230207114753.854805.992944
MY,KUM,BHZ,P,2023-02-06T10:35:33.93Z,smi:org.gfz-potsdam.de/geofon/Pick/20230207114753.854985.992945
GE,GSI,BHZ,P,2023-02-06T10:35:36.37Z,smi:org.gfz-potsdam.de/geofon/Pick/20230207114753.855116.992946
IA,PSI,BHZ,P,2023-02-06T10:35:35.95Z,smi:org.gfz-potsdam.de/geofon/Pick/20230207114753.855271.992947
HK,HKPS,BHZ,P,2023-02-06T10:35:39.53Z,smi:org.gfz-potsdam.de/geofon/Pick/20230207114753.855403.992948
II,ASCN,BHZ,P,2023-02-06T10:35:38.75Z,smi:org.gfz-potsdam.de/geofon/Pick/20230207114753.855576.992949
MY,IPM,BHZ,P,2023-02-06T10:35:38.66Z,smi:org.gfz-potsdam.de/geofon/Pick/20230207114753.855815.992950
IU,BILL,BHZ,P,2023-02-06T10:35:45.72Z,smi:org.gfz-potsdam.de/geofon/Pick/20230207114753.855981.992951
II,SHEL,BHZ,P,2023-02-06T10:35:44.23Z,smi:org.gfz-potsdam.de/geofon/Pick/20230207114753.856135.992952
IA,SBSI,BHZ,P,2023-02-06T10:35:44.02Z,smi:org.gfz-potsdam.de/geofon/Pick/20230207114753.856282.992953
IU,INCN,BHZ,P,2023-02-06T10:35:46.55Z,smi:org.gfz-potsdam.de/geofon/Pick/20230207114753.856476.992954
IA,PBSI,BHZ,P,2023-02-06T10:35:45.66Z,smi:org.gfz-potsdam.de/geofon/Pick/20230207114753.856635.992955
RM,DLV,BHZ,P,2023-02-06T10:35:48.25Z,smi:org.gfz-potsdam.de/geofon/Pick/20230207114753.856812.992956
IU,MA2,BHZ,P,2023-02-06T10:35:51.08Z,smi:org.gfz-potsdam.de/geofon/Pick/20230207114753.856955.992957
TW,KMNB,BHZ,P,2023-02-06T10:35:52.57Z,smi:org.gfz-potsdam.de/geofon/Pick/20230207114753.857121.992958
KG,TJN,BHZ,P,2023-02-06T10:35:52.66Z,smi:org.gfz-potsdam.de/geofon/Pick/20230207114753.857273.992959
GE,BKNI,BHZ,P,2023-02-06T10:35:55.65Z,smi:org.gfz-potsdam.de/geofon/Pick/20230207114753.8574.992960
CN,ICQ,HHZ,P,2023-02-06T10:36:02.67Z,smi:org.gfz-potsdam.de/geofon/Pick/20230207114753.857518.992961
IA,SDSI,BHZ,P,2023-02-06T10:36:01.78Z,smi:org.gfz-potsdam.de/geofon/Pick/20230207114753.857675.992962
MY,KOM,BHZ,P,2023-02-06T10:36:03.14Z,smi:org.gfz-potsdam.de/geofon/Pick/20230207114753.857839.992963
IU,TATO,BHZ,P,2023-02-06T10:36:06.95Z,smi:org.gfz-potsdam.de/geofon/Pick/20230207114753.857993.992964
TW,YHNB,BHZ,P,2023-02-06T10:36:07.12Z,smi:org.gfz-potsdam.de/geofon/Pick/20230207114753.858167.992965
IA,RGRI,BHZ,P,2023-02-06T10:36:05.47Z,smi:org.gfz-potsdam.de/geofon/Pick/20230207114753.858311.992966
TW,SSLB,BHZ,P,2023-02-06T10:36:10.45Z,smi:org.gfz-potsdam.de/geofon/Pick/20230207114753.858474.992967
TW,TPUB,BHZ,P,2023-02-06T10:36:07.88Z,smi:org.gfz-potsdam.de/geofon/Pick/20230207114753.858636.992968
MS,BESC,EHZ,P,2023-02-06T10:36:06.67Z,smi:org.gfz-potsdam.de/geofon/Pick/20230207114753.858791.992969
JP,JTU,BHZ,P,2023-02-06T10:36:08.19Z,smi:org.gfz-potsdam.de/geofon/Pick/20230207114753.858934.992970
TW,NACB,BHZ,P,2023-02-06T10:36:10.21Z,smi:org.gfz-potsdam.de/geofon/Pick/20230207114753.859103.992971
TW,YULB,BHZ,P,2023-02-06T10:36:12.11Z,smi:org.gfz-potsdam.de/geofon/Pick/20230207114753.85927.992972
TW,TWGB,BHZ,P,2023-02-06T10:36:12.03Z,smi:org.gfz-potsdam.de/geofon/Pick/20230207114753.859435.992973
IA,TPRI,BHZ,P,2023-02-06T10:36:15.19Z,smi:org.gfz-potsdam.de/geofon/Pick/20230207114753.859588.992974
JP,YOJ,BHZ,P,2023-02-06T10:36:13.69Z,smi:org.gfz-potsdam.de/geofon/Pick/20230207114753.859738.992975
II,SUR,BHZ,P,2023-02-06T10:36:12.9Z,smi:org.gfz-potsdam.de/geofon/Pick/20230207114753.859878.992976
IU,YSS,BHZ,P,2023-02-06T10:36:15.61Z,smi:org.gfz-potsdam.de/geofon/Pick/20230207114753.860027.992977
IA,DSRI,BHZ,P,2023-02-06T10:36:15.77Z,smi:org.gfz-potsdam.de/geofon/Pick/20230207114753.860205.992978
CN,INK,HHZ,P,2023-02-06T10:36:23.33Z,smi:org.gfz-potsdam.de/geofon/Pick/20230207114753.860332.992979
JP,JSU,BHZ,P,2023-02-06T10:36:22.34Z,smi:org.gfz-potsdam.de/geofon/Pick/20230207114753.86051.992980
GE,MNAI,BHZ,P,2023-02-06T10:36:22.31Z,smi:org.gfz-potsdam.de/geofon/Pick/20230207114753.860644.992981
GE,PMBI,BHZ,P,2023-02-06T10:36:25.8Z,smi:org.gfz-potsdam.de/geofon/Pick/20230207114753.860783.992982
JP,JMN,BHZ,P,2023-02-06T10:36:29.24Z,smi:org.gfz-potsdam.de/geofon/Pick/20230207114753.860934.992983
JP,JOW,BHZ,P,2023-02-06T10:36:28.98Z,smi:org.gfz-potsdam.de/geofon/Pick/20230207114753.861106.992984
IA,SKJI,BHZ,P,2023-02-06T10:36:46.76Z,smi:org.gfz-potsdam.de/geofon/Pick/20230207114753.861313.992985
IA,CBJI,BHZ,P,2023-02-06T10:36:47.36Z,smi:org.gfz-potsdam.de/geofon/Pick/20230207114753.861455.992986
JP,JHJ2,BHZ,P,2023-02-06T10:36:54.53Z,smi:org.gfz-potsdam.de/geofon/Pick/20230207114753.861601.992987
IU,BBSR,BHZ,P,2023-02-06T10:36:54.37Z,smi:org.gfz-potsdam.de/geofon/Pick/20230207114753.861746.992988
IA,LEM,BHZ,P,2023-02-06T10:36:50.9Z,smi:org.gfz-potsdam.de/geofon/Pick/20230207114753.86188.992989
US,BINY,BHZ,P,2023-02-06T10:36:57.12Z,smi:org.gfz-potsdam.de/geofon/Pick/20230207114753.862061.992990
GE,BBJI,BHZ,P,2023-02-06T10:36:52.76Z,smi:org.gfz-potsdam.de/geofon/Pick/20230207114753.862233.992991
IA,CMJI,BHZ,P,2023-02-06T10:36:58.71Z,smi:org.gfz-potsdam.de/geofon/Pick/20230207114753.862443.992992
IA,KPJI,BHZ,P,2023-02-06T10:36:57.66Z,smi:org.gfz-potsdam.de/geofon/Pick/20230207114753.86261.992993
II,FFC,BHZ,P,2023-02-06T10:37:04.95Z,smi:org.gfz-potsdam.de/geofon/Pick/20230207114753.862762.992994
CN,WHY,HHZ,P,2023-02-06T10:37:06.51Z,smi:org.gfz-potsdam.de/geofon/Pick/20230207114753.862883.992995
IU,SSPA,BHZ,P,2023-02-06T10:37:08.24Z,smi:org.gfz-potsdam.de/geofon/Pick/20230207114753.863033.992996
IA,BWJI,BHZ,P,2023-02-06T10:37:09.51Z,smi:org.gfz-potsdam.de/geofon/Pick/20230207114753.86317.992997
GE,BKB,BHZ,P,2023-02-06T10:37:12.75Z,smi:org.gfz-potsdam.de/geofon/Pick/20230207114753.863302.992998
IA,PWJI,BHZ,P,2023-02-06T10:37:11.58Z,smi:org.gfz-potsdam.de/geofon/Pick/20230207140128.044378.1038055
II,KDAK,BHZ,P,2023-02-06T10:37:20.76Z,smi:org.gfz-potsdam.de/geofon/Pick/20230207140128.044618.1038056
IA,MPSI,BHZ,P,2023-02-06T10:37:19.86Z,smi:org.gfz-potsdam.de/geofon/Pick/20230207140128.044721.1038057
US,AGMN,BHZ,P,2023-02-06T10:37:21.68Z,smi:org.gfz-potsdam.de/geofon/Pick/20230207140128.044838.1038058
IA,BLJI,BHZ,P,2023-02-06T10:37:19.16Z,smi:org.gfz-potsdam.de/geofon/Pick/20230207140128.044928.1038059
GE,TOLI2,BHZ,P,2023-02-06T10:37:20.13Z,smi:org.gfz-potsdam.de/geofon/Pick/20230207140128.045009.1038060
IU,DAV,BHZ,P,2023-02-06T10:37:20.48Z,smi:org.gfz-potsdam.de/geofon/Pick/20230207140128.045094.1038061
IA,ABJI,BHZ,P,2023-02-06T10:37:22.1Z,smi:org.gfz-potsdam.de/geofon/Pick/20230207140128.045192.1038062
IA,BYJI,BHZ,P,2023-02-06T10:37:23.98Z,smi:org.gfz-potsdam.de/geofon/Pick/20230207140128.045342.1038063
GE,JAGI,BHZ,P,2023-02-06T10:37:22.67Z,smi:org.gfz-potsdam.de/geofon/Pick/20230207140128.045438.1038064
G,CRZF,BHZ,P,2023-02-06T10:37:24.45Z,smi:org.gfz-potsdam.de/geofon/Pick/20230207140128.04551.1038065
WI,ABD,BHZ,P,2023-02-06T10:37:33.13Z,smi:org.gfz-potsdam.de/geofon/Pick/20230207140128.045645.1038066
NA,SMRT,BHZ,P,2023-02-06T10:37:34.33Z,smi:org.gfz-potsdam.de/geofon/Pick/20230207140128.04575.1038067
WI,CBE,HHZ,P,2023-02-06T10:37:35.22Z,smi:org.gfz-potsdam.de/geofon/Pick/20230207140128.045845.1038068
IA,KMSI,BHZ,P,2023-02-06T10:37:34.74Z,smi:org.gfz-potsdam.de/geofon/Pick/20230207140128.045926.1038069
IA,MGAI,BHZ,P,2023-02-06T10:37:33.39Z,smi:org.gfz-potsdam.de/geofon/Pick/20230207140128.046005.1038070
NA,SEUS,BHZ,P,2023-02-06T10:37:34.59Z,smi:org.gfz-potsdam.de/geofon/Pick/20230207140128.046092.1038071
WI,TDBA,HHZ,P,2023-02-06T10:37:35.88Z,smi:org.gfz-potsdam.de/geofon/Pick/20230207140128.04619.1038072
GE,LUWI,BHZ,P,2023-02-06T10:37:34.04Z,smi:org.gfz-potsdam.de/geofon/Pick/20230207140128.046269.1038073
NA,SABA,BHZ,P,2023-02-06T10:37:36.36Z,smi:org.gfz-potsdam.de/geofon/Pick/20230207140128.046352.1038074
WI,ILAM,BHZ,P,2023-02-06T10:37:35.91Z,smi:org.gfz-potsdam.de/geofon/Pick/20230207140128.046447.1038075
II,KAPI,BHZ,P,2023-02-06T10:37:35.18Z,smi:org.gfz-potsdam.de/geofon/Pick/20230207140128.046537.1038076
CN,LLLB,HHZ,P,2023-02-06T10:37:48.67Z,smi:org.gfz-potsdam.de/geofon/Pick/20230207140128.046636.1038077
GE,TNTI,BHZ,P,2023-02-06T10:37:45.49Z,smi:org.gfz-potsdam.de/geofon/Pick/20230207140128.04671.1038078
G,PAF,BHZ,P,2023-02-06T10:37:58.0000Z,smi:org.gfz-potsdam.de/geofon/Pick/20230207140128.046816.1038079
IU,DWPF,BHZ,P,2023-02-06T10:38:00.85Z,smi:org.gfz-potsdam.de/geofon/Pick/20230207140128.046905.1038080
IA,AAII,BHZ,P,2023-02-06T10:38:01.59Z,smi:org.gfz-potsdam.de/geofon/Pick/20230207140128.046983.1038081
CW,MASC,HHZ,P,2023-02-06T10:38:05.89Z,smi:org.gfz-potsdam.de/geofon/Pick/20230207140128.047055.1038082
GE,SOEI,BHZ,P,2023-02-06T10:38:03.35Z,smi:org.gfz-potsdam.de/geofon/Pick/20230207140128.047123.1038083
IA,ATNI,BHZ,P,2023-02-06T10:38:02.91Z,smi:org.gfz-potsdam.de/geofon/Pick/20230207140128.047196.1038084
US,AHID,BHZ,P,2023-02-06T10:38:10.43Z,smi:org.gfz-potsdam.de/geofon/Pick/20230207140128.047292.1038085
US,MIAR,BHZ,P,2023-02-06T10:38:08.82Z,smi:org.gfz-potsdam.de/geofon/Pick/20230207140128.047384.1038086
US,HLID,BHZ,P,2023-02-06T10:38:11.28Z,smi:org.gfz-potsdam.de/geofon/Pick/20230207140128.047481.1038087
CW,CCCC,HHZ,P,2023-02-06T10:38:12.72Z,smi:org.gfz-potsdam.de/geofon/Pick/20230207140128.047546.1038088
GE,BNDI,BHZ,P,2023-02-06T10:38:11.14Z,smi:org.gfz-potsdam.de/geofon/Pick/20230207140128.047617.1038089
US,ISCO,BHZ,P,2023-02-06T10:38:13.75Z,smi:org.gfz-potsdam.de/geofon/Pick/20230207140128.047709.1038090
US,HWUT,BHZ,P,2023-02-06T10:38:15.8Z,smi:org.gfz-potsdam.de/geofon/Pick/20230207140128.047806.1038091
IU,COR,BHZ,P,2023-02-06T10:38:13.71Z,smi:org.gfz-potsdam.de/geofon/Pick/20230207140128.047888.1038092
GE,FAKI,BHZ,P,2023-02-06T10:38:14.13Z,smi:org.gfz-potsdam.de/geofon/Pick/20230207140128.047962.1038093
BL,PMNB,HHZ,P,2023-02-06T10:38:19.14Z,smi:org.gfz-potsdam.de/geofon/Pick/20230207140128.048029.1038094
US,WVOR,BHZ,P,2023-02-06T10:38:21.75Z,smi:org.gfz-potsdam.de/geofon/Pick/20230207140128.048122.1038095
US,WMOK,BHZ,P,2023-02-06T10:38:20.11Z,smi:org.gfz-potsdam.de/geofon/Pick/20230207140128.048219.1038096
BL,BSCB,HHZ,P,2023-02-06T10:38:20.02Z,smi:org.gfz-potsdam.de/geofon/Pick/20230207140128.04829.1038097
CU,MTDJ,BHZ,P,2023-02-06T10:38:21.66Z,smi:org.gfz-potsdam.de/geofon/Pick/20230207140128.048358.1038098
US,DUG,BHZ,P,2023-02-06T10:38:22.01Z,smi:org.gfz-potsdam.de/geofon/Pick/20230207140128.048459.1038099
IU,MBWA,BHZ,P,2023-02-06T10:38:21.47Z,smi:org.gfz-potsdam.de/geofon/Pick/20230207140128.048553.1038100
IA,SRPI,BHZ,P,2023-02-06T10:38:26.38Z,smi:org.gfz-potsdam.de/geofon/Pick/20230207140128.048645.1038101
BL,CLDB,HHZ,P,2023-02-06T10:38:30.21Z,smi:org.gfz-potsdam.de/geofon/Pick/20230207140128.048717.1038102
IU,HKT,BHZ,P,2023-02-06T10:38:32.13Z,smi:org.gfz-potsdam.de/geofon/Pick/20230207140128.048801.1038103
AU,MORW,BHZ,P,2023-02-06T10:38:31.92Z,smi:org.gfz-potsdam.de/geofon/Pick/20230207140128.048867.1038104
IU,ANMO,BHZ,P,2023-02-06T10:38:34.57Z,smi:org.gfz-potsdam.de/geofon/Pick/20230207140128.04895.1038105
AU,MEEK,BHZ,P,2023-02-06T10:38:32.85Z,smi:org.gfz-potsdam.de/geofon/Pick/20230207140128.049057.1038106
AU,KNRA,BHZ,P,2023-02-06T10:38:36.45Z,smi:org.gfz-potsdam.de/geofon/Pick/20230207140128.04915.1038107
AU,BLDU,BHZ,P,2023-02-06T10:38:37.29Z,smi:org.gfz-potsdam.de/geofon/Pick/20230207140128.049215.1038108
BL,C2SB,HHZ,P,2023-02-06T10:38:42.36Z,smi:org.gfz-potsdam.de/geofon/Pick/20230207140128.049277.1038109
BL,FRTB,HHZ,P,2023-02-06T10:38:42.91Z,smi:org.gfz-potsdam.de/geofon/Pick/20230207140128.049339.1038110
US,MNTX,BHZ,P,2023-02-06T10:38:44.43Z,smi:org.gfz-potsdam.de/geofon/Pick/20230207140128.049435.1038111
IU,TUC,BHZ,P,2023-02-06T10:38:53.14Z,smi:org.gfz-potsdam.de/geofon/Pick/20230207140128.049532.1038112
CM,HEL,BHZ,P,2023-02-06T10:38:51.93Z,smi:org.gfz-potsdam.de/geofon/Pick/20230207140128.049604.1038113
II,PFO,BHZ,P,2023-02-06T10:38:54.13Z,smi:org.gfz-potsdam.de/geofon/Pick/20230207140128.049738.1038114
BL,AQDB,HHZ,P,2023-02-06T10:38:54.77Z,smi:org.gfz-potsdam.de/geofon/Pick/20230207140128.049856.1038115
AU,KMBL,BHZ,P,2023-02-06T10:38:55.44Z,smi:org.gfz-potsdam.de/geofon/Pick/20230207140128.049947.1038116
BL,ITAB,HHZ,P,2023-02-06T10:39:01.3Z,smi:org.gfz-potsdam.de/geofon/Pick/20230207140128.050008.1038117
CU,BBGH,BHZ,P,2023-02-06T10:37:38.02Z,smi:org.gfz-potsdam.de/geofon/Pick/20230207140139.36359.1038123
G,AIS,BHZ,P,2023-02-06T10:37:20.95Z,smi:org.gfz-potsdam.de/geofon/Pick/20230207140334.588189.1038155
US,MVCO,BHZ,P,2023-02-06T10:38:27.69Z,smi:org.gfz-potsdam.de/geofon/Pick/20230207140406.828375.1038173
IU,NWAO,BHZ,P,2023-02-06T10:38:45.23Z,smi:org.gfz-potsdam.de/geofon/Pick/20230207140406.82875.1038174
IU,SDV,BHZ,P,2023-02-06T10:38:26.93Z,smi:org.gfz-potsdam.de/geofon/Pick/20230207140416.603655.1038177
IU,TEIG,BHZ,P,2023-02-06T10:38:46.08Z,smi:org.gfz-potsdam.de/geofon/Pick/20230207140426.595633.1038180
TU,AYDN,BHZ,P,2023-02-06T10:26:38.17Z,smi:org.gfz-potsdam.de/geofon/Pick/20230331120234.44966.1902021
TU,BALY,BHZ,P,2023-02-06T10:26:43.06Z,smi:org.gfz-potsdam.de/geofon/Pick/20230331120234.450016.1902022
IC,HIA,BHZ,P,2023-02-06T10:34:41.66Z,smi:org.gfz-potsdam.de/geofon/Pick/20230331120234.451177.1902023
IC,ENH,BHZ,P,2023-02-06T10:34:48.22Z,smi:org.gfz-potsdam.de/geofon/Pick/20230331120234.451301.1902024
IC,BJT,BHZ,P,2023-02-06T10:34:51.66Z,smi:org.gfz-potsdam.de/geofon/Pick/20230331120234.451405.1902025
GE,WIN,BHZ,P,2023-02-06T10:35:18.84Z,smi:org.gfz-potsdam.de/geofon/Pick/20230331120234.451512.1902026
IA,TPTI,BHZ,P,2023-02-06T10:35:23.55Z,smi:org.gfz-potsdam.de/geofon/Pick/20230331120234.451635.1902027
IC,QIZ,BHZ,P,2023-02-06T10:35:28.71Z,smi:org.gfz-potsdam.de/geofon/Pick/20230331120234.45174.1902028
IC,MDJ,BHZ,P,2023-02-06T10:35:35.08Z,smi:org.gfz-potsdam.de/geofon/Pick/20230331120234.451841.1902029
JP,JKA,BHZ,P,2023-02-06T10:36:25.09Z,smi:org.gfz-potsdam.de/geofon/Pick/20230331120234.452212.1902030
AU,GIRL,BHZ,P,2023-02-06T10:38:08.47Z,smi:org.gfz-potsdam.de/geofon/Pick/20230331120234.45294.1902031
IU,GUMO,BHZ,P,2023-02-06T10:38:11.31Z,smi:org.gfz-potsdam.de/geofon/Pick/20230331120234.453157.1902032
CW,SOR,HHZ,P,2023-02-06T10:38:23.09Z,smi:org.gfz-potsdam.de/geofon/Pick/20230331120234.453369.1902033
GE,SAUI,BHZ,P,2023-02-06T10:38:26.76Z,smi:org.gfz-potsdam.de/geofon/Pick/20230331120234.453528.1902034
AU,FITZ,BHZ,P,2023-02-06T10:38:31.83Z,smi:org.gfz-potsdam.de/geofon/Pick/20230331120234.453645.1902035
IA,SMPI,BHZ,P,2023-02-06T10:38:35.99Z,smi:org.gfz-potsdam.de/geofon/Pick/20230331120234.45375.1902036
BL,PCMB,HHZ,P,2023-02-06T10:38:43.55Z,smi:org.gfz-potsdam.de/geofon/Pick/20230331120234.453838.1902037
CM,RUS,BHZ,P,2023-02-06T10:38:43.18Z,smi:org.gfz-potsdam.de/geofon/Pick/20230331120234.453912.1902038
IA,JAY,BHZ,P,2023-02-06T10:38:44.0000Z,smi:org.gfz-potsdam.de/geofon/Pick/20230331120234.454008.1902039
AU,KLBR,HHZ,P,2023-02-06T10:38:44.03Z,smi:org.gfz-potsdam.de/geofon/Pick/20230331120234.454076.1902040
AU,RKGY,HHZ,P,2023-02-06T10:38:50.45Z,smi:org.gfz-potsdam.de/geofon/Pick/20230331120234.45415.1902041
CU,BCIP,BHZ,P,2023-02-06T10:38:56.01Z,smi:org.gfz-potsdam.de/geofon/Pick/20230331120234.454235.1902042
GE,BOAB,BHZ,P,2023-02-06T10:39:03.75Z,smi:org.gfz-potsdam.de/geofon/Pick/20230331120234.454327.1902043
BL,PLTB,HHZ,P,2023-02-06T10:39:15.93Z,smi:org.gfz-potsdam.de/geofon/Pick/20230331120234.454404.1902044
C,GO01,BHZ,P,2023-02-06T10:39:38.53Z,smi:org.gfz-potsdam.de/geofon/Pick/20230331120234.454484.1902045
TU,KELT,BHZ,P,2023-02-06T01:18:27.64Z,smi:org.gfz-potsdam.de/geofon/Pick/20230206074401.110514.485516
TU,HAKT,BHZ,P,2023-02-06T01:18:53.22Z,smi:org.gfz-potsdam.de/geofon/Pick/20230206074401.11128.485520
GE,UJAP,BHZ,P,2023-02-06T01:18:55.91Z,smi:org.gfz-potsdam.de/geofon/Pick/20230206074401.111391.485521
TU,DIGO,BHZ,P,2023-02-06T01:19:02.38Z,smi:org.gfz-potsdam.de/geofon/Pick/20230206074401.111515.485522
GE,MSBI,BHZ,P,2023-02-06T01:19:04.34Z,smi:org.gfz-potsdam.de/geofon/Pick/20230206074401.111614.485523
TU,EPOS,BHZ,P,2023-02-06T01:19:06.41Z,smi:org.gfz-potsdam.de/geofon/Pick/20230206074401.111738.485524
IU,GNI,BHZ,P,2023-02-06T01:19:13.69Z,smi:org.gfz-potsdam.de/geofon/Pick/20230206074401.111848.485525
GE,MNAI,BHZ,P,2023-02-06T01:29:11.55Z,smi:org.gfz-potsdam.de/geofon/Pick/20230206074517.751162.485897
II,COCO,BHZ,P,2023-02-06T01:29:18.68Z,smi:org.gfz-potsdam.de/geofon/Pick/20230206074517.751437.485898
JP,JHJ2,BHZ,P,2023-02-06T01:29:43.58Z,smi:org.gfz-potsdam.de/geofon/Pick/20230206074517.751645.485899
GE,JAGI,BHZ,P,2023-02-06T01:30:08.73Z,smi:org.gfz-potsdam.de/geofon/Pick/20230206074517.751902.485901
WI,CBE,HHZ,P,2023-02-06T01:30:21.64Z,smi:org.gfz-potsdam.de/geofon/Pick/20230206074517.752216.485903
GE,LUWI,BHZ,P,2023-02-06T01:30:21.7Z,smi:org.gfz-potsdam.de/geofon/Pick/20230206074517.752315.485904
NA,SABA,BHZ,P,2023-02-06T01:30:23.43Z,smi:org.gfz-potsdam.de/geofon/Pick/20230206074517.752459.485905
II,KAPI,BHZ,P,2023-02-06T01:30:22.04Z,smi:org.gfz-potsdam.de/geofon/Pick/20230206074517.75255.485906
IA,TWSI,BHZ,P,2023-02-06T01:30:20.37Z,smi:org.gfz-potsdam.de/geofon/Pick/20230206074517.752629.485907
WI,BIM,BHZ,P,2023-02-06T01:30:24.41Z,smi:org.gfz-potsdam.de/geofon/Pick/20230206074517.752719.485908
IU,WCI,BHZ,P,2023-02-06T01:30:26.84Z,smi:org.gfz-potsdam.de/geofon/Pick/20230206074517.752814.485909
II,MBAR,BHZ,P,2023-02-06T01:24:53.68Z,smi:org.gfz-potsdam.de/geofon/Pick/20230206080546.301034.505090
GE,KMBO,BHZ,P,2023-02-06T01:24:55.51Z,smi:org.gfz-potsdam.de/geofon/Pick/20230206080546.301163.505091
GE,KIBK,BHZ,P,2023-02-06T01:25:05.35Z,smi:org.gfz-potsdam.de/geofon/Pick/20230206080546.301273.505092
PL,HSPB,HHZ,P,2023-02-06T01:25:19.35Z,smi:org.gfz-potsdam.de/geofon/Pick/20230206080546.301423.505093
IO,EVN,BHZ,P,2023-02-06T01:25:31.31Z,smi:org.gfz-potsdam.de/geofon/Pick/20230206080546.30158.505094
IN,SHL,HHZ,P,2023-02-06T01:26:10.14Z,smi:org.gfz-potsdam.de/geofon/Pick/20230206080546.301997.505097
DK,ILULI,BHZ,P,2023-02-06T01:27:07.96Z,smi:org.gfz-potsdam.de/geofon/Pick/20230206080546.302181.505098
II,SACV,BHZ,P,2023-02-06T01:27:26.24Z,smi:org.gfz-potsdam.de/geofon/Pick/20230206080546.302476.505100
II,ASCN,BHZ,P,2023-02-06T01:28:19.72Z,smi:org.gfz-potsdam.de/geofon/Pick/20230206080546.302785.505102
EI,IGLA,HHZ,P,2023-02-06T01:24:35.0000Z,smi:org.gfz-potsdam.de/geofon/Pick/20230206080811.587721.505284
GE,VAL,BHZ,P,2023-02-06T01:24:36.48Z,smi:org.gfz-potsdam.de/geofon/Pick/20230206080811.587857.505285
HE,HEF,HHZ,P,2023-02-06T01:24:01.66Z,smi:org.gfz-potsdam.de/geofon/Pick/20230206080825.211147.505288
GE,ACRG,BHZ,P,2023-02-06T01:25:58.95Z,smi:org.gfz-potsdam.de/geofon/Pick/20230206081545.378495.505386
II,UOSS,BHZ,P,2023-02-06T01:22:12.21Z,smi:org.gfz-potsdam.de/geofon/Pick/20230206081644.849384.505400
II,SHEL,BHZ,P,2023-02-06T01:28:24.1Z,smi:org.gfz-potsdam.de/geofon/Pick/20230206082256.496534.505900
IU,TSUM,BHZ,P,2023-02-06T01:27:35.29Z,smi:org.gfz-potsdam.de/geofon/Pick/20230206082433.064317.506013
G,RER,BHZ,P,2023-02-06T01:27:47.86Z,smi:org.gfz-potsdam.de/geofon/Pick/20230206082433.064652.506015
IA,TPTI,BHZ,P,2023-02-06T01:28:09.65Z,smi:org.gfz-potsdam.de/geofon/Pick/20230206082433.064931.506018
IA,KCSI,BHZ,P,2023-02-06T01:28:11.51Z,smi:org.gfz-potsdam.de/geofon/Pick/20230206082433.065023.506019
MY,KUM,BHZ,P,2023-02-06T01:28:19.62Z,smi:org.gfz-potsdam.de/geofon/Pick/20230206082433.065243.506021
GE,GSI,BHZ,P,2023-02-06T01:28:22.27Z,smi:org.gfz-potsdam.de/geofon/Pick/20230206082433.065324.506022
IA,PSI,BHZ,P,2023-02-06T01:28:21.64Z,smi:org.gfz-potsdam.de/geofon/Pick/20230206082433.065414.506023
IC,MDJ,BHZ,P,2023-02-06T01:28:24.52Z,smi:org.gfz-potsdam.de/geofon/Pick/20230206082433.06551.506024
TU,ANDN,BHZ,P,2023-02-06T01:17:45.64Z,smi:org.gfz-potsdam.de/geofon/Pick/20230208104652.990563.1155520
TU,KEMA,BHZ,P,2023-02-06T01:18:12.91Z,smi:org.gfz-potsdam.de/geofon/Pick/20230208104652.991022.1155521
GE,CSS,BHZ,P,2023-02-06T01:18:30.15Z,smi:org.gfz-potsdam.de/geofon/Pick/20230208104652.991303.1155522
TU,KKUL,BHZ,P,2023-02-06T01:18:33.82Z,smi:org.gfz-potsdam.de/geofon/Pick/20230208104652.991555.1155523
IU,ANTO,BHZ,P,2023-02-06T01:18:40.38Z,smi:org.gfz-potsdam.de/geofon/Pick/20230208104652.991744.1155524
GE,ISP,BHZ,P,2023-02-06T01:18:53.64Z,smi:org.gfz-potsdam.de/geofon/Pick/20230208104652.991887.1155525
GE,SALP,BHZ,P,2023-02-06T01:18:54.25Z,smi:org.gfz-potsdam.de/geofon/Pick/20230208104652.992028.1155526
TU,AYDN,BHZ,P,2023-02-06T01:19:19.59Z,smi:org.gfz-potsdam.de/geofon/Pick/20230208104652.992294.1155527
GE,EIL,BHZ,P,2023-02-06T01:19:27.16Z,smi:org.gfz-potsdam.de/geofon/Pick/20230208104652.992453.1155528
TU,BALY,BHZ,P,2023-02-06T01:19:30.59Z,smi:org.gfz-potsdam.de/geofon/Pick/20230208104652.992678.1155529
GE,APE,BHZ,P,2023-02-06T01:19:49.5Z,smi:org.gfz-potsdam.de/geofon/Pick/20230208104652.993199.1155532
HL,RDO,HHZ,P,2023-02-06T01:19:57.67Z,smi:org.gfz-potsdam.de/geofon/Pick/20230208104652.993506.1155534
RO,MLR,BHZ,P,2023-02-06T01:20:24.27Z,smi:org.gfz-potsdam.de/geofon/Pick/20230208104652.994432.1155539
AC,SRN,HHZ,P,2023-02-06T01:20:49.73Z,smi:org.gfz-potsdam.de/geofon/Pick/20230208104807.783902.1155556
HL,KEK,HHZ,P,2023-02-06T01:20:49.74Z,smi:org.gfz-potsdam.de/geofon/Pick/20230208104807.784576.1155558
RO,DRGR,BHZ,P,2023-02-06T01:20:56.27Z,smi:org.gfz-potsdam.de/geofon/Pick/20230208104807.784947.1155561
II,RAYN,BHZ,P,2023-02-06T01:21:11.28Z,smi:org.gfz-potsdam.de/geofon/Pick/20230208104940.130329.1155587
KR,BTK,BHZ,P,2023-02-06T01:23:12.07Z,smi:org.gfz-potsdam.de/geofon/Pick/20230208112334.900997.1161515
ES,EJON,BHZ,P,2023-02-06T01:23:13.97Z,smi:org.gfz-potsdam.de/geofon/Pick/20230208112334.901279.1161516
FR,SJAF,BHZ,P,2023-02-06T01:23:14.69Z,smi:org.gfz-potsdam.de/geofon/Pick/20230208112334.90139.1161517
DK,MUD,BHZ,P,2023-02-06T01:23:15.95Z,smi:org.gfz-potsdam.de/geofon/Pick/20230208112334.901495.1161518
GR,WET,BHZ,P,2023-02-06T01:22:19.55Z,smi:org.gfz-potsdam.de/geofon/Pick/20230208112834.618513.1163006
GR,BRG,BHZ,P,2023-02-06T01:22:22.09Z,smi:org.gfz-potsdam.de/geofon/Pick/20230208112834.618693.1163007
GE,PBUR,BHZ,P,2023-02-06T01:22:22.83Z,smi:org.gfz-potsdam.de/geofon/Pick/20230208112834.618874.1163008
MN,VSL,BHZ,P,2023-02-06T01:22:26.16Z,smi:org.gfz-potsdam.de/geofon/Pick/20230208112834.619086.1163009
GR,FUR,BHZ,P,2023-02-06T01:22:26.08Z,smi:org.gfz-potsdam.de/geofon/Pick/20230208112834.619248.1163010
BW,ROTZ,BHZ,P,2023-02-06T01:22:26.68Z,smi:org.gfz-potsdam.de/geofon/Pick/20230208112834.61937.1163011
GR,GRC3,BHZ,P,2023-02-06T01:22:27.07Z,smi:org.gfz-potsdam.de/geofon/Pick/20230208112834.619531.1163012
FR,SMPL,BHZ,P,2023-02-06T01:22:25.81Z,smi:org.gfz-potsdam.de/geofon/Pick/20230208112834.619662.1163013
GR,GRB5,BHZ,P,2023-02-06T01:22:26.94Z,smi:org.gfz-potsdam.de/geofon/Pick/20230208112834.619819.1163014
GR,GRB3,BHZ,P,2023-02-06T01:22:27.21Z,smi:org.gfz-potsdam.de/geofon/Pick/20230208112834.619973.1163015
GR,GRC1,BHZ,P,2023-02-06T01:22:27.37Z,smi:org.gfz-potsdam.de/geofon/Pick/20230208112834.620133.1163016
CH,FUORN,BHZ,P,2023-02-06T01:22:28.65Z,smi:org.gfz-potsdam.de/geofon/Pick/20230208112834.620261.1163017
GR,GRB2,BHZ,P,2023-02-06T01:22:27.67Z,smi:org.gfz-potsdam.de/geofon/Pick/20230208112834.620446.1163018
GR,GRC4,BHZ,P,2023-02-06T01:22:27.61Z,smi:org.gfz-potsdam.de/geofon/Pick/20230208112834.620617.1163019
GR,GRC2,BHZ,P,2023-02-06T01:22:28.07Z,smi:org.gfz-potsdam.de/geofon/Pick/20230208112834.620773.1163020
SX,TANN,BHZ,P,2023-02-06T01:22:28.72Z,smi:org.gfz-potsdam.de/geofon/Pick/20230208112834.621024.1163021
BW,MANZ,BHZ,P,2023-02-06T01:22:28.72Z,smi:org.gfz-potsdam.de/geofon/Pick/20230208112834.621198.1163022
GR,GRB1,BHZ,P,2023-02-06T01:22:28.2Z,smi:org.gfz-potsdam.de/geofon/Pick/20230208112834.621348.1163023
GR,GRB4,BHZ,P,2023-02-06T01:22:29.21Z,smi:org.gfz-potsdam.de/geofon/Pick/20230208112834.621509.1163024
GR,CLL,BHZ,P,2023-02-06T01:22:29.8Z,smi:org.gfz-potsdam.de/geofon/Pick/20230208112834.621667.1163025
GR,GRA2,BHZ,P,2023-02-06T01:22:31.47Z,smi:org.gfz-potsdam.de/geofon/Pick/20230208112834.621828.1163026
GE,RUE,BHZ,P,2023-02-06T01:22:31.29Z,smi:org.gfz-potsdam.de/geofon/Pick/20230208112834.621991.1163027
GR,UBR,BHZ,P,2023-02-06T01:22:31.59Z,smi:org.gfz-potsdam.de/geofon/Pick/20230208112834.622152.1163028
GE,VSU,BHZ,P,2023-02-06T01:22:30.22Z,smi:org.gfz-potsdam.de/geofon/Pick/20230208112834.622303.1163029
GR,GRA3,BHZ,P,2023-02-06T01:22:32.62Z,smi:org.gfz-potsdam.de/geofon/Pick/20230208112834.622463.1163030
OE,DAVA,BHZ,P,2023-02-06T01:22:32.22Z,smi:org.gfz-potsdam.de/geofon/Pick/20230208112834.622676.1163031
HL,ARG,HHZ,P,2023-02-06T01:19:19.91Z,smi:org.gfz-potsdam.de/geofon/Pick/20230208113802.73918.1164130
II,KIV,BHZ,P,2023-02-06T01:19:31.41Z,smi:org.gfz-potsdam.de/geofon/Pick/20230208113802.739704.1164131
GE,ZKR,BHZ,P,2023-02-06T01:19:43.1Z,smi:org.gfz-potsdam.de/geofon/Pick/20230208113802.739893.1164132
GE,THERA,BHZ,P,2023-02-06T01:19:47.78Z,smi:org.gfz-potsdam.de/geofon/Pick/20230208113802.740078.1164133
GE,TIRR,BHZ,P,2023-02-06T01:19:54.4Z,smi:org.gfz-potsdam.de/geofon/Pick/20230208113802.740248.1164134
GE,IMMV,BHZ,P,2023-02-06T01:20:05.69Z,smi:org.gfz-potsdam.de/geofon/Pick/20230208113802.740419.1164135
GE,GVD,BHZ,P,2023-02-06T01:20:06.7Z,smi:org.gfz-potsdam.de/geofon/Pick/20230208113802.740578.1164136
RO,VRI,HHZ,P,2023-02-06T01:20:22.48Z,smi:org.gfz-potsdam.de/geofon/Pick/20230208113802.740868.1164137
HL,ITM,HHZ,P,2023-02-06T01:20:28.2Z,smi:org.gfz-potsdam.de/geofon/Pick/20230208113802.741061.1164138
RO,ARR,BHZ,P,2023-02-06T01:20:32.88Z,smi:org.gfz-potsdam.de/geofon/Pick/20230208113802.741281.1164139
RO,LOT,BHZ,P,2023-02-06T01:20:39.76Z,smi:org.gfz-potsdam.de/geofon/Pick/20230208113802.741527.1164140
AC,KBN,HHZ,P,2023-02-06T01:20:44.2Z,smi:org.gfz-potsdam.de/geofon/Pick/20230208113802.741656.1164141
RO,DEV,BHZ,P,2023-02-06T01:20:48.54Z,smi:org.gfz-potsdam.de/geofon/Pick/20230208113802.741884.1164142
AC,BCI,HHZ,P,2023-02-06T01:20:55.79Z,smi:org.gfz-potsdam.de/geofon/Pick/20230208113802.742023.1164143
AC,VLO,HHZ,P,2023-02-06T01:20:55.97Z,smi:org.gfz-potsdam.de/geofon/Pick/20230208113802.742133.1164144
RO,BZS,BHZ,P,2023-02-06T01:20:57.32Z,smi:org.gfz-potsdam.de/geofon/Pick/20230208113802.742349.1164145
RO,BMR,BHZ,P,2023-02-06T01:20:59.33Z,smi:org.gfz-potsdam.de/geofon/Pick/20230208113802.742586.1164146
MN,PDG,BHZ,P,2023-02-06T01:21:03.04Z,smi:org.gfz-potsdam.de/geofon/Pick/20230208113802.742847.1164147
IU,KIEV,BHZ,P,2023-02-06T01:20:59.09Z,smi:org.gfz-potsdam.de/geofon/Pick/20230208113802.74305.1164148
HU,LTVH,HHZ,P,2023-02-06T01:21:08.55Z,smi:org.gfz-potsdam.de/geofon/Pick/20230208113802.743225.1164149
HU,TRPA,HHZ,P,2023-02-06T01:21:09.29Z,smi:org.gfz-potsdam.de/geofon/Pick/20230208113802.743399.1164150
SK,KOLS,HHZ,P,2023-02-06T01:21:18.67Z,smi:org.gfz-potsdam.de/geofon/Pick/20230208113802.743623.1164151
HU,BSZH,HHZ,P,2023-02-06T01:21:21.3Z,smi:org.gfz-potsdam.de/geofon/Pick/20230208113802.743787.1164152
HU,ABAH,HHZ,P,2023-02-06T01:21:20.67Z,smi:org.gfz-potsdam.de/geofon/Pick/20230208113802.743966.1164153
GE,MATE,BHZ,P,2023-02-06T01:21:23.52Z,smi:org.gfz-potsdam.de/geofon/Pick/20230208113802.744122.1164154
PL,KWP,HHZ,P,2023-02-06T01:21:21.41Z,smi:org.gfz-potsdam.de/geofon/Pick/20230208113802.74435.1164155
HU,MORH,HHZ,P,2023-02-06T01:21:24.98Z,smi:org.gfz-potsdam.de/geofon/Pick/20230208113802.744549.1164156
GE,PSZ,BHZ,P,2023-02-06T01:21:27.99Z,smi:org.gfz-potsdam.de/geofon/Pick/20230208113802.744706.1164157
SK,KECS,EHZ,P,2023-02-06T01:21:25.72Z,smi:org.gfz-potsdam.de/geofon/Pick/20230208113802.744915.1164158
HU,KOVH,HHZ,P,2023-02-06T01:21:28.13Z,smi:org.gfz-potsdam.de/geofon/Pick/20230208113802.745095.1164159
MN,BLY,BHZ,P,2023-02-06T01:21:30.31Z,smi:org.gfz-potsdam.de/geofon/Pick/20230208113802.745303.1164160
HU,BUD,HHZ,P,2023-02-06T01:21:29.65Z,smi:org.gfz-potsdam.de/geofon/Pick/20230208113802.745475.1164161
MN,CUC,HHZ,P,2023-02-06T01:21:30.32Z,smi:org.gfz-potsdam.de/geofon/Pick/20230208113802.745706.1164162
GE,MARCO,BHZ,P,2023-02-06T01:21:29.78Z,smi:org.gfz-potsdam.de/geofon/Pick/20230208113802.745873.1164163
CR,KIJV,BHZ,P,2023-02-06T01:21:32.85Z,smi:org.gfz-potsdam.de/geofon/Pick/20230208113802.746006.1164164
HU,CSKK,HHZ,P,2023-02-06T01:21:35.26Z,smi:org.gfz-potsdam.de/geofon/Pick/20230208113802.746174.1164165
HU,TIH,HHZ,P,2023-02-06T01:21:34.94Z,smi:org.gfz-potsdam.de/geofon/Pick/20230208113802.746341.1164166
PL,NIE,HHZ,P,2023-02-06T01:21:35.69Z,smi:org.gfz-potsdam.de/geofon/Pick/20230208113802.74658.1164167
HU,MPLH,HHZ,P,2023-02-06T01:21:39.07Z,smi:org.gfz-potsdam.de/geofon/Pick/20230208113802.746789.1164168
HU,BEHE,HHZ,P,2023-02-06T01:21:41.3Z,smi:org.gfz-potsdam.de/geofon/Pick/20230208113802.746957.1164169
HU,EGYH,HHZ,P,2023-02-06T01:21:40.9Z,smi:org.gfz-potsdam.de/geofon/Pick/20230208113802.747122.1164170
CR,ZAG,BHZ,P,2023-02-06T01:21:43.23Z,smi:org.gfz-potsdam.de/geofon/Pick/20230208113802.747251.1164171
II,OBN,BHZ,P,2023-02-06T01:21:40.65Z,smi:org.gfz-potsdam.de/geofon/Pick/20230208113802.74743.1164172
PL,OJC,BHZ,P,2023-02-06T01:21:43.39Z,smi:org.gfz-potsdam.de/geofon/Pick/20230208113802.747641.1164173
SK,MODS,HHZ,P,2023-02-06T01:21:48.72Z,smi:org.gfz-potsdam.de/geofon/Pick/20230208113802.747871.1164174
SK,ZST,HHZ,P,2023-02-06T01:21:48.36Z,smi:org.gfz-potsdam.de/geofon/Pick/20230208113802.748102.1164175
CZ,JAVC,BHZ,P,2023-02-06T01:21:50.09Z,smi:org.gfz-potsdam.de/geofon/Pick/20230208113802.748245.1164176
HU,SOP,HHZ,P,2023-02-06T01:21:48.89Z,smi:org.gfz-potsdam.de/geofon/Pick/20230208113802.748459.1164177
PL,BEL,HHZ,P,2023-02-06T01:21:52.1Z,smi:org.gfz-potsdam.de/geofon/Pick/20230208113802.748685.1164178
OE,ARSA,BHZ,P,2023-02-06T01:21:54.64Z,smi:org.gfz-potsdam.de/geofon/Pick/20230208113802.748917.1164179
MN,AQU,BHZ,P,2023-02-06T01:21:55.19Z,smi:org.gfz-potsdam.de/geofon/Pick/20230208113802.749109.1164180
GE,MORC,BHZ,P,2023-02-06T01:21:55.1Z,smi:org.gfz-potsdam.de/geofon/Pick/20230208113802.749266.1164181
OE,OBKA,BHZ,P,2023-02-06T01:21:57.74Z,smi:org.gfz-potsdam.de/geofon/Pick/20230208113802.749464.1164182
CZ,KRUC,BHZ,P,2023-02-06T01:21:58.14Z,smi:org.gfz-potsdam.de/geofon/Pick/20230208113802.749598.1164183
CZ,VRAC,BHZ,P,2023-02-06T01:21:58.3Z,smi:org.gfz-potsdam.de/geofon/Pick/20230208113802.749725.1164184
PL,SUW,HHZ,P,2023-02-06T01:21:59.12Z,smi:org.gfz-potsdam.de/geofon/Pick/20230208113802.749927.1164185
OX,SABO,HHZ,P,2023-02-06T01:22:01.92Z,smi:org.gfz-potsdam.de/geofon/Pick/20230208113802.750132.1164186
OX,DRE,HHZ,P,2023-02-06T01:22:02.81Z,smi:org.gfz-potsdam.de/geofon/Pick/20230208113802.750338.1164187
OX,PRED,HHZ,P,2023-02-06T01:22:04.88Z,smi:org.gfz-potsdam.de/geofon/Pick/20230208113802.750543.1164188
OX,ACOM,HHZ,P,2023-02-06T01:22:06.03Z,smi:org.gfz-potsdam.de/geofon/Pick/20230208113802.750793.1164189
OE,MOA,BHZ,P,2023-02-06T01:22:06.7Z,smi:org.gfz-potsdam.de/geofon/Pick/20230208113802.751012.1164190
OX,FUSE,HHZ,P,2023-02-06T01:22:08.18Z,smi:org.gfz-potsdam.de/geofon/Pick/20230208113802.751221.1164191
OE,KBA,BHZ,P,2023-02-06T01:22:08.81Z,smi:org.gfz-potsdam.de/geofon/Pick/20230208113802.751416.1164192
PL,KSP,HHZ,P,2023-02-06T01:22:08.85Z,smi:org.gfz-potsdam.de/geofon/Pick/20230208113802.751655.1164193
GE,PABE,BHZ,P,2023-02-06T01:22:10.29Z,smi:org.gfz-potsdam.de/geofon/Pick/20230208113802.751814.1164194
OX,CIMO,HHZ,P,2023-02-06T01:22:11.58Z,smi:org.gfz-potsdam.de/geofon/Pick/20230208113802.752017.1164195
GR,GEC2,BHZ,P,2023-02-06T01:22:14.1Z,smi:org.gfz-potsdam.de/geofon/Pick/20230208113802.75219.1164196
BW,RJOB,BHZ,P,2023-02-06T01:22:15.11Z,smi:org.gfz-potsdam.de/geofon/Pick/20230208113802.752311.1164197
CZ,PRA,BHZ,P,2023-02-06T01:22:15.42Z,smi:org.gfz-potsdam.de/geofon/Pick/20230208113802.752485.1164198
GR,GRA1,BHZ,P,2023-02-06T01:22:32.61Z,smi:org.gfz-potsdam.de/geofon/Pick/20230208113802.753015.1164200
IU,GRFO,BHZ,P,2023-02-06T01:22:32.41Z,smi:org.gfz-potsdam.de/geofon/Pick/20230208113802.753202.1164201
GR,MOX,BHZ,P,2023-02-06T01:22:34.7Z,smi:org.gfz-potsdam.de/geofon/Pick/20230208113802.753366.1164202
CH,MUGIO,BHZ,P,2023-02-06T01:22:34.31Z,smi:org.gfz-potsdam.de/geofon/Pick/20230208113802.753492.1164203
GE,SLIT,BHZ,P,2023-02-06T01:22:34.68Z,smi:org.gfz-potsdam.de/geofon/Pick/20230208113802.753644.1164204
GR,LNIZ,BHZ,P,2023-02-06T01:22:35.52Z,smi:org.gfz-potsdam.de/geofon/Pick/20230208113802.753798.1164205
SX,NEUB,BHZ,P,2023-02-06T01:22:36.25Z,smi:org.gfz-potsdam.de/geofon/Pick/20230208113802.754007.1164206
GE,PUL,BHZ,P,2023-02-06T01:22:38.63Z,smi:org.gfz-potsdam.de/geofon/Pick/20230208113802.754177.1164207
SX,WIMM,BHZ,P,2023-02-06T01:22:38.82Z,smi:org.gfz-potsdam.de/geofon/Pick/20230208113802.754377.1164208
EE,MTSE,BHZ,P,2023-02-06T01:22:40.86Z,smi:org.gfz-potsdam.de/geofon/Pick/20230208113802.754552.1164209
CH,BNALP,BHZ,P,2023-02-06T01:22:40.56Z,smi:org.gfz-potsdam.de/geofon/Pick/20230208113802.75468.1164210
GE,FALKS,BHZ,P,2023-02-06T01:22:40.98Z,smi:org.gfz-potsdam.de/geofon/Pick/20230208113802.754813.1164211
GE,STU,BHZ,P,2023-02-06T01:22:41.13Z,smi:org.gfz-potsdam.de/geofon/Pick/20230208113802.754964.1164212
FR,SAOF,BHZ,P,2023-02-06T01:22:42.73Z,smi:org.gfz-potsdam.de/geofon/Pick/20230208113802.755093.1164213
FR,MON,BHZ,P,2023-02-06T01:22:43.64Z,smi:org.gfz-potsdam.de/geofon/Pick/20230208113802.755218.1164214
EE,ARBE,BHZ,P,2023-02-06T01:22:42.0000Z,smi:org.gfz-potsdam.de/geofon/Pick/20230208113802.755341.1164215
CH,SLE,BHZ,P,2023-02-06T01:22:42.42Z,smi:org.gfz-potsdam.de/geofon/Pick/20230208113802.755472.1164216
GR,UBBA,BHZ,P,2023-02-06T01:22:41.43Z,smi:org.gfz-potsdam.de/geofon/Pick/20230208113802.755665.1164217
GE,FLT1,BHZ,P,2023-02-06T01:22:43.62Z,smi:org.gfz-potsdam.de/geofon/Pick/20230208113802.755812.1164218
FR,ISO,BHZ,P,2023-02-06T01:22:46.05Z,smi:org.gfz-potsdam.de/geofon/Pick/20230208113802.755933.1164219
GR,BFO,BHZ,P,2023-02-06T01:22:45.43Z,smi:org.gfz-potsdam.de/geofon/Pick/20230208113802.756083.1164220
GE,RGN,BHZ,P,2023-02-06T01:22:45.62Z,smi:org.gfz-potsdam.de/geofon/Pick/20230208113802.756232.1164221
GR,ASSE,BHZ,P,2023-02-06T01:22:46.0000Z,smi:org.gfz-potsdam.de/geofon/Pick/20230208113802.756378.1164222
GR,CLZ,BHZ,P,2023-02-06T01:22:46.91Z,smi:org.gfz-potsdam.de/geofon/Pick/20230208113802.756546.1164223
GR,GOR1,BHZ,P,2023-02-06T01:22:47.11Z,smi:org.gfz-potsdam.de/geofon/Pick/20230208113802.756715.1164224
GR,GTTG,BHZ,P,2023-02-06T01:22:48.02Z,smi:org.gfz-potsdam.de/geofon/Pick/20230208113802.756871.1164225
MN,BNI,BHZ,P,2023-02-06T01:22:50.08Z,smi:org.gfz-potsdam.de/geofon/Pick/20230208113802.757078.1164226
FR,OGAG,HHZ,P,2023-02-06T01:22:50.18Z,smi:org.gfz-potsdam.de/geofon/Pick/20230208113802.757257.1164227
CH,BOURR,BHZ,P,2023-02-06T01:22:49.83Z,smi:org.gfz-potsdam.de/geofon/Pick/20230208113802.757381.1164228
GR,TNS,BHZ,P,2023-02-06T01:22:51.08Z,smi:org.gfz-potsdam.de/geofon/Pick/20230208113802.757531.1164229
FR,OGDI,HHZ,P,2023-02-06T01:22:51.87Z,smi:org.gfz-potsdam.de/geofon/Pick/20230208113802.757665.1164230
G,ECH,BHZ,P,2023-02-06T01:22:52.12Z,smi:org.gfz-potsdam.de/geofon/Pick/20230208113802.757802.1164231
HE,MEF,HHZ,P,2023-02-06T01:22:52.81Z,smi:org.gfz-potsdam.de/geofon/Pick/20230208113802.757951.1164232
CH,GIMEL,BHZ,P,2023-02-06T01:22:54.02Z,smi:org.gfz-potsdam.de/geofon/Pick/20230208113802.758079.1164233
RD,ORIF,BHZ,P,2023-02-06T01:22:53.09Z,smi:org.gfz-potsdam.de/geofon/Pick/20230208113802.758272.1164234
FR,RUSF,BHZ,P,2023-02-06T01:22:56.93Z,smi:org.gfz-potsdam.de/geofon/Pick/20230208121550.793232.1166626
FR,ARBF,BHZ,P,2023-02-06T01:22:57.22Z,smi:org.gfz-potsdam.de/geofon/Pick/20230208121550.793499.1166627
DK,COP,BHZ,P,2023-02-06T01:22:58.01Z,smi:org.gfz-potsdam.de/geofon/Pick/20230208122213.855208.1166660
GR,BSEG,BHZ,P,2023-02-06T01:22:56.92Z,smi:org.gfz-potsdam.de/geofon/Pick/20230208122213.85556.1166661
GR,AHRW,BHZ,P,2023-02-06T01:22:59.82Z,smi:org.gfz-potsdam.de/geofon/Pick/20230208122213.855735.1166662
GR,BUG,BHZ,P,2023-02-06T01:23:01.95Z,smi:org.gfz-potsdam.de/geofon/Pick/20230208122213.8559.1166663
GE,WLF,BHZ,P,2023-02-06T01:23:01.05Z,smi:org.gfz-potsdam.de/geofon/Pick/20230208122213.856055.1166664
GE,IBBN,BHZ,P,2023-02-06T01:23:02.01Z,smi:org.gfz-potsdam.de/geofon/Pick/20230208122213.856214.1166665
G,SSB,BHZ,P,2023-02-06T01:23:02.28Z,smi:org.gfz-potsdam.de/geofon/Pick/20230208122213.856363.1166666
WM,MAHO,BHZ,P,2023-02-06T01:23:03.51Z,smi:org.gfz-potsdam.de/geofon/Pick/20230208122213.856736.1166667
GR,SKMB,BHZ,P,2023-02-06T01:23:05.47Z,smi:org.gfz-potsdam.de/geofon/Pick/20230208122213.856907.1166668
HE,RAF,HHZ,P,2023-02-06T01:23:03.92Z,smi:org.gfz-potsdam.de/geofon/Pick/20230208122213.857061.1166669
BE,MEM,HHZ,P,2023-02-06T01:23:03.83Z,smi:org.gfz-potsdam.de/geofon/Pick/20230208122213.857178.1166670
NL,WTSB,BHZ,P,2023-02-06T01:23:06.03Z,smi:org.gfz-potsdam.de/geofon/Pick/20230208122213.857395.1166671
NL,HGN,BHZ,P,2023-02-06T01:23:06.24Z,smi:org.gfz-potsdam.de/geofon/Pick/20230208122213.85761.1166672
GE,KBU,BHZ,P,2023-02-06T01:23:09.51Z,smi:org.gfz-potsdam.de/geofon/Pick/20230208122213.85777.1166673
BE,RCHB,HHZ,P,2023-02-06T01:23:07.1Z,smi:org.gfz-potsdam.de/geofon/Pick/20230208122213.857883.1166674
GE,HLG,BHZ,P,2023-02-06T01:23:09.68Z,smi:org.gfz-potsdam.de/geofon/Pick/20230208122213.858013.1166675
G,ATD,BHZ,P,2023-02-06T01:23:10.21Z,smi:org.gfz-potsdam.de/geofon/Pick/20230208122213.85814.1166676
NL,OPLO,BHZ,P,2023-02-06T01:23:10.1Z,smi:org.gfz-potsdam.de/geofon/Pick/20230208122213.858337.1166677
BE,UCC,HHZ,P,2023-02-06T01:23:14.71Z,smi:org.gfz-potsdam.de/geofon/Pick/20230208122213.858476.1166678
RD,MTLF,BHZ,P,2023-02-06T01:23:16.99Z,smi:org.gfz-potsdam.de/geofon/Pick/20230208122213.858674.1166679
ES,EIBI,HHZ,P,2023-02-06T01:23:25.42Z,smi:org.gfz-potsdam.de/geofon/Pick/20230208122213.858825.1166680
HE,OUF,HHZ,P,2023-02-06T01:23:26.4Z,smi:org.gfz-potsdam.de/geofon/Pick/20230208122213.858978.1166681
IU,KONO,BHZ,P,2023-02-06T01:23:31.69Z,smi:org.gfz-potsdam.de/geofon/Pick/20230208122213.859229.1166682
FN,OUL,BHZ,P,2023-02-06T01:23:30.88Z,smi:org.gfz-potsdam.de/geofon/Pick/20230208122213.859475.1166683
RD,MFF,BHZ,P,2023-02-06T01:23:32.98Z,smi:org.gfz-potsdam.de/geofon/Pick/20230208122213.859786.1166684
II,AAK,BHZ,P,2023-02-06T01:23:36.48Z,smi:org.gfz-potsdam.de/geofon/Pick/20230208122213.860085.1166685
FN,MSF,BHZ,P,2023-02-06T01:23:34.6Z,smi:org.gfz-potsdam.de/geofon/Pick/20230208122213.860256.1166686
HE,KU6,HHZ,P,2023-02-06T01:23:34.49Z,smi:org.gfz-potsdam.de/geofon/Pick/20230208122213.860431.1166687
ES,EMOS,BHZ,P,2023-02-06T01:23:37.07Z,smi:org.gfz-potsdam.de/geofon/Pick/20230208122213.860579.1166688
II,NIL,BHZ,P,2023-02-06T01:23:41.17Z,smi:org.gfz-potsdam.de/geofon/Pick/20230208122213.860754.1166689
WM,CART,BHZ,P,2023-02-06T01:23:42.79Z,smi:org.gfz-potsdam.de/geofon/Pick/20230208122213.860977.1166690
KR,BOOM,BHZ,P,2023-02-06T01:23:46.58Z,smi:org.gfz-potsdam.de/geofon/Pick/20230208122213.861173.1166691
FN,RNF,BHZ,P,2023-02-06T01:23:43.81Z,smi:org.gfz-potsdam.de/geofon/Pick/20230208122213.861303.1166692
ES,EMUR,BHZ,P,2023-02-06T01:23:44.47Z,smi:org.gfz-potsdam.de/geofon/Pick/20230208122213.861436.1166693
GB,LMK,HHZ,P,2023-02-06T01:23:46.71Z,smi:org.gfz-potsdam.de/geofon/Pick/20230208122213.861562.1166694
G,TAM,BHZ,P,2023-02-06T01:23:50.97Z,smi:org.gfz-potsdam.de/geofon/Pick/20230208122213.861704.1166695
KC,ASAI,BHZ,P,2023-02-06T01:23:51.59Z,smi:org.gfz-potsdam.de/geofon/Pick/20230208122213.861896.1166696
II,LVZ,BHZ,P,2023-02-06T01:23:49.59Z,smi:org.gfz-potsdam.de/geofon/Pick/20230208122213.86211.1166697
HE,VRF,HHZ,P,2023-02-06T01:23:50.63Z,smi:org.gfz-potsdam.de/geofon/Pick/20230208122213.862284.1166698
KR,KDJ,BHZ,P,2023-02-06T01:23:54.92Z,smi:org.gfz-potsdam.de/geofon/Pick/20230208122213.862481.1166699
GB,LBWR,HHZ,P,2023-02-06T01:23:54.09Z,smi:org.gfz-potsdam.de/geofon/Pick/20230208122213.86263.1166700
RD,ROSF,BHZ,P,2023-02-06T01:23:53.17Z,smi:org.gfz-potsdam.de/geofon/Pick/20230208122213.862837.1166701
WM,UCM,BHZ,P,2023-02-06T01:23:54.86Z,smi:org.gfz-potsdam.de/geofon/Pick/20230208122213.863149.1166702
KR,ANVS,BHZ,P,2023-02-06T01:23:56.67Z,smi:org.gfz-potsdam.de/geofon/Pick/20230208122213.863343.1166703
KC,TARG,BHZ,P,2023-02-06T01:23:59.44Z,smi:org.gfz-potsdam.de/geofon/Pick/20230208122213.863534.1166704
WM,CHAS,BHZ,P,2023-02-06T01:23:58.2Z,smi:org.gfz-potsdam.de/geofon/Pick/20230208122213.863746.1166705
KR,PRZ,BHZ,P,2023-02-06T01:24:02.43Z,smi:org.gfz-potsdam.de/geofon/Pick/20230208122213.863953.1166706
WM,WMELI,BHZ,P,2023-02-06T01:24:01.58Z,smi:org.gfz-potsdam.de/geofon/Pick/20230208122213.864165.1166707
IU,PAB,BHZ,P,2023-02-06T01:24:03.13Z,smi:org.gfz-potsdam.de/geofon/Pick/20230208122213.864357.1166708
GB,KESW,HHZ,P,2023-02-06T01:24:02.89Z,smi:org.gfz-potsdam.de/geofon/Pick/20230208122213.864508.1166709
II,KURK,BHZ,P,2023-02-06T01:24:04.81Z,smi:org.gfz-potsdam.de/geofon/Pick/20230208122213.864691.1166710
II,ESK,BHZ,P,2023-02-06T01:24:04.72Z,smi:org.gfz-potsdam.de/geofon/Pick/20230208122213.864858.1166711
GB,ESK,HHZ,P,2023-02-06T01:24:04.92Z,smi:org.gfz-potsdam.de/geofon/Pick/20230208122213.864993.1166712
G,WUS,BHZ,P,2023-02-06T01:24:08.4Z,smi:org.gfz-potsdam.de/geofon/Pick/20230208122213.865128.1166713
GB,CCA1,HHZ,P,2023-02-06T01:24:06.13Z,smi:org.gfz-potsdam.de/geofon/Pick/20230208122213.865266.1166714
WM,EMAL,BHZ,P,2023-02-06T01:24:07.94Z,smi:org.gfz-potsdam.de/geofon/Pick/20230208122213.865475.1166715
ES,ECAL,BHZ,P,2023-02-06T01:24:15.53Z,smi:org.gfz-potsdam.de/geofon/Pick/20230208122213.865645.1166716
WM,CEU,BHZ,P,2023-02-06T01:24:17.05Z,smi:org.gfz-potsdam.de/geofon/Pick/20230208122213.865875.1166717
GE,DSB,BHZ,P,2023-02-06T01:24:16.95Z,smi:org.gfz-potsdam.de/geofon/Pick/20230208122837.812964.1166763
EI,IWEX,BHZ,P,2023-02-06T01:24:18.47Z,smi:org.gfz-potsdam.de/geofon/Pick/20230208122837.813201.1166764
GE,ILTH,BHZ,P,2023-02-06T01:24:18.47Z,smi:org.gfz-potsdam.de/geofon/Pick/20230208122837.813299.1166765
GB,CLGH,HHZ,P,2023-02-06T01:24:18.77Z,smi:org.gfz-potsdam.de/geofon/Pick/20230208122837.813385.1166766
IU,MAKZ,BHZ,P,2023-02-06T01:24:22.09Z,smi:org.gfz-potsdam.de/geofon/Pick/20230208122837.813556.1166767
WM,IFR,BHZ,P,2023-02-06T01:24:22.78Z,smi:org.gfz-potsdam.de/geofon/Pick/20230208122837.813741.1166768
WM,SFS,BHZ,P,2023-02-06T01:24:19.94Z,smi:org.gfz-potsdam.de/geofon/Pick/20230208122837.813881.1166769
GE,MTE,BHZ,P,2023-02-06T01:24:22.77Z,smi:org.gfz-potsdam.de/geofon/Pick/20230208122837.814008.1166770
WM,ARNO,BHZ,P,2023-02-06T01:24:22.92Z,smi:org.gfz-potsdam.de/geofon/Pick/20230208122837.814147.1166771
PM,PESTR,BHZ,P,2023-02-06T01:24:25.12Z,smi:org.gfz-potsdam.de/geofon/Pick/20230208122837.814281.1166772
WM,EVO,BHZ,P,2023-02-06T01:24:28.67Z,smi:org.gfz-potsdam.de/geofon/Pick/20230208122837.814432.1166773
PM,PVAQ,BHZ,P,2023-02-06T01:24:28.94Z,smi:org.gfz-potsdam.de/geofon/Pick/20230208122837.814565.1166774
MN,RTC,BHZ,P,2023-02-06T01:24:31.77Z,smi:org.gfz-potsdam.de/geofon/Pick/20230208122837.814697.1166775
WM,AVE,BHZ,P,2023-02-06T01:24:38.09Z,smi:org.gfz-potsdam.de/geofon/Pick/20230208122837.814849.1166776
PM,PFVI,BHZ,P,2023-02-06T01:24:37.03Z,smi:org.gfz-potsdam.de/geofon/Pick/20230208122837.814983.1166777
WM,TIO,BHZ,P,2023-02-06T01:24:44.4Z,smi:org.gfz-potsdam.de/geofon/Pick/20230208122837.815119.1166778
ES,EFAM,HHZ,P,2023-02-06T01:25:31.82Z,smi:org.gfz-potsdam.de/geofon/Pick/20230208122837.815246.1166779
GE,KBS,BHZ,P,2023-02-06T01:25:35.25Z,smi:org.gfz-potsdam.de/geofon/Pick/20230208122837.81533.1166780
PM,PMOZ,BHZ,P,2023-02-06T01:25:42.05Z,smi:org.gfz-potsdam.de/geofon/Pick/20230208122837.815553.1166782
ES,EOSO,BHZ,P,2023-02-06T01:25:48.36Z,smi:org.gfz-potsdam.de/geofon/Pick/20230208122837.815636.1166783
GE,HMDM,BHZ,P,2023-02-06T01:25:48.53Z,smi:org.gfz-potsdam.de/geofon/Pick/20230208122837.815735.1166784
GE,DAG,HHZ,P,2023-02-06T01:26:00.85Z,smi:org.gfz-potsdam.de/geofon/Pick/20230208122837.815866.1166785
II,TLY,BHZ,P,2023-02-06T01:26:15.24Z,smi:org.gfz-potsdam.de/geofon/Pick/20230208122837.815983.1166786
II,CMLA,BHZ,P,2023-02-06T01:26:20.13Z,smi:org.gfz-potsdam.de/geofon/Pick/20230208122837.81609.1166787
GE,MALK,BHZ,P,2023-02-06T01:26:20.15Z,smi:org.gfz-potsdam.de/geofon/Pick/20230208122837.816179.1166788
GE,KAAM,BHZ,P,2023-02-06T01:26:25.13Z,smi:org.gfz-potsdam.de/geofon/Pick/20230208122837.816261.1166789
II,PALK,BHZ,P,2023-02-06T01:26:26.68Z,smi:org.gfz-potsdam.de/geofon/Pick/20230208122837.816371.1166790
PM,ROSA,BHZ,P,2023-02-06T01:26:33.48Z,smi:org.gfz-potsdam.de/geofon/Pick/20230208122837.816519.1166791
GE,HALK,BHZ,P,2023-02-06T01:26:32.85Z,smi:org.gfz-potsdam.de/geofon/Pick/20230208122837.816615.1166792
DK,SCO,BHZ,P,2023-02-06T01:25:53.33Z,smi:org.gfz-potsdam.de/geofon/Pick/20230223140029.272013.448946
GT,DBIC,BHZ,P,2023-02-06T01:26:18.16Z,smi:org.gfz-potsdam.de/geofon/Pick/20230223140029.272365.448947
DK,ANGG,BHZ,P,2023-02-06T01:26:33.46Z,smi:org.gfz-potsdam.de/geofon/Pick/20230223140029.27257.448948
IU,ULN,BHZ,P,2023-02-06T01:26:37.57Z,smi:org.gfz-potsdam.de/geofon/Pick/20230223140029.272786.448949
GE,SBV,BHZ,P,2023-02-06T01:26:44.13Z,smi:org.gfz-potsdam.de/geofon/Pick/20230223140029.272946.448950
GE,NPW,HHZ,P,2023-02-06T01:26:57.69Z,smi:org.gfz-potsdam.de/geofon/Pick/20230223140029.273084.448951
GE,SFJD,BHZ,P,2023-02-06T01:27:09.71Z,smi:org.gfz-potsdam.de/geofon/Pick/20230223140029.273234.448952
DK,KULLO,BHZ,P,2023-02-06T01:27:10.15Z,smi:org.gfz-potsdam.de/geofon/Pick/20230223140029.273362.448953
G,IVI,BHZ,P,2023-02-06T01:27:13.59Z,smi:org.gfz-potsdam.de/geofon/Pick/20230223140029.273504.448954
IU,CHTO,BHZ,P,2023-02-06T01:27:17.64Z,smi:org.gfz-potsdam.de/geofon/Pick/20230223140029.273658.448955
II,ABPO,BHZ,P,2023-02-06T01:27:19.84Z,smi:org.gfz-potsdam.de/geofon/Pick/20230223140029.273836.448956
IC,HIA,BHZ,P,2023-02-06T01:27:32.36Z,smi:org.gfz-potsdam.de/geofon/Pick/20230223140029.273991.448957
IU,YAK,BHZ,P,2023-02-06T01:27:33.72Z,smi:org.gfz-potsdam.de/geofon/Pick/20230223140029.274133.448958
IC,ENH,BHZ,P,2023-02-06T01:27:36.51Z,smi:org.gfz-potsdam.de/geofon/Pick/20230223140029.274261.448959
RM,SLV,BHZ,P,2023-02-06T01:27:37.88Z,smi:org.gfz-potsdam.de/geofon/Pick/20230223140029.274435.448960
IC,BJT,BHZ,P,2023-02-06T01:27:41.03Z,smi:org.gfz-potsdam.de/geofon/Pick/20230223140029.274559.448961
PL,GKP,HHZ,P,2023-02-06T01:22:17.51Z,smi:org.gfz-potsdam.de/geofon/Pick/20230223140059.676215.448966
FR,ESCA,BHZ,P,2023-02-06T01:22:44.19Z,smi:org.gfz-potsdam.de/geofon/Pick/20230223140225.192902.448985
FR,CALF,BHZ,P,2023-02-06T01:22:47.81Z,smi:org.gfz-potsdam.de/geofon/Pick/20230223140225.193127.448986
GX,WANN,HHZ,P,2023-02-06T01:22:35.06Z,smi:org.gfz-potsdam.de/geofon/Pick/20230223140248.161168.448990
GB,CWF,HHZ,P,2023-02-06T01:23:50.19Z,smi:org.gfz-potsdam.de/geofon/Pick/20230223140348.322355.449003
FN,SGF,BHZ,P,2023-02-06T01:23:49.9Z,smi:org.gfz-potsdam.de/geofon/Pick/20230223140348.322585.449004
ES,ELAN,HHZ,P,2023-02-06T01:23:53.15Z,smi:org.gfz-potsdam.de/geofon/Pick/20230223140348.322694.449005
HE,KIF,HHZ,P,2023-02-06T01:24:09.65Z,smi:org.gfz-potsdam.de/geofon/Pick/20230223140400.179112.449008
EI,IDGL,BHZ,P,2023-02-06T01:24:27.02Z,smi:org.gfz-potsdam.de/geofon/Pick/20230223140422.683744.449010
IC,QIZ,BHZ,P,2023-02-06T01:28:16.28Z,smi:org.gfz-potsdam.de/geofon/Pick/20230223140821.32768.449036
MY,IPM,BHZ,P,2023-02-06T01:28:24.6Z,smi:org.gfz-potsdam.de/geofon/Pick/20230223140821.328084.449037
HK,HKPS,BHZ,P,2023-02-06T01:28:28.6Z,smi:org.gfz-potsdam.de/geofon/Pick/20230223140821.328239.449038
IA,SBSI,BHZ,P,2023-02-06T01:28:29.58Z,smi:org.gfz-potsdam.de/geofon/Pick/20230223140821.328396.449039
IA,PBSI,BHZ,P,2023-02-06T01:28:32.49Z,smi:org.gfz-potsdam.de/geofon/Pick/20230223140821.328583.449040
RM,DLV,BHZ,P,2023-02-06T01:28:34.95Z,smi:org.gfz-potsdam.de/geofon/Pick/20230223140821.328755.449041
IU,INCN,BHZ,P,2023-02-06T01:28:35.52Z,smi:org.gfz-potsdam.de/geofon/Pick/20230223140821.328942.449042
IU,BILL,BHZ,P,2023-02-06T01:28:36.51Z,smi:org.gfz-potsdam.de/geofon/Pick/20230223140821.329087.449043
TW,KMNB,BHZ,P,2023-02-06T01:28:39.77Z,smi:org.gfz-potsdam.de/geofon/Pick/20230223140821.329243.449044
IU,MA2,BHZ,P,2023-02-06T01:28:41.55Z,smi:org.gfz-potsdam.de/geofon/Pick/20230223140821.329385.449045
KG,TJN,BHZ,P,2023-02-06T01:28:41.58Z,smi:org.gfz-potsdam.de/geofon/Pick/20230223140821.32954.449046
GE,BKNI,BHZ,P,2023-02-06T01:28:40.47Z,smi:org.gfz-potsdam.de/geofon/Pick/20230223140821.329658.449047
IA,SDSI,BHZ,P,2023-02-06T01:28:47.74Z,smi:org.gfz-potsdam.de/geofon/Pick/20230223140821.329826.449048
CN,ICQ,HHZ,P,2023-02-06T01:28:51.47Z,smi:org.gfz-potsdam.de/geofon/Pick/20230223140821.329949.449049
MY,KOM,BHZ,P,2023-02-06T01:28:48.26Z,smi:org.gfz-potsdam.de/geofon/Pick/20230223140821.330105.449050
IU,TATO,BHZ,P,2023-02-06T01:28:53.17Z,smi:org.gfz-potsdam.de/geofon/Pick/20230223140821.330263.449051
TW,YHNB,BHZ,P,2023-02-06T01:28:54.88Z,smi:org.gfz-potsdam.de/geofon/Pick/20230223140821.330434.449052
II,SUR,BHZ,P,2023-02-06T01:28:52.43Z,smi:org.gfz-potsdam.de/geofon/Pick/20230223140821.330577.449053
TW,SSLB,BHZ,P,2023-02-06T01:28:53.79Z,smi:org.gfz-potsdam.de/geofon/Pick/20230223140821.330735.449054
TW,TPUB,BHZ,P,2023-02-06T01:28:56.26Z,smi:org.gfz-potsdam.de/geofon/Pick/20230223140821.330903.449055
JP,JTU,BHZ,P,2023-02-06T01:28:56.98Z,smi:org.gfz-potsdam.de/geofon/Pick/20230223140821.331063.449056
TW,YULB,BHZ,P,2023-02-06T01:28:57.15Z,smi:org.gfz-potsdam.de/geofon/Pick/20230223140821.331217.449057
TW,TWGB,BHZ,P,2023-02-06T01:28:58.55Z,smi:org.gfz-potsdam.de/geofon/Pick/20230223140821.331385.449058
IA,DSRI,BHZ,P,2023-02-06T01:29:00.9Z,smi:org.gfz-potsdam.de/geofon/Pick/20230223140821.33153.449059
IU,PET,BHZ,P,2023-02-06T01:29:29.78Z,smi:org.gfz-potsdam.de/geofon/Pick/20230223140832.991911.449063
US,EGAK,BHZ,P,2023-02-06T01:29:35.16Z,smi:org.gfz-potsdam.de/geofon/Pick/20230223141350.197359.449101
IA,DBJI,BHZ,P,2023-02-06T01:29:33.89Z,smi:org.gfz-potsdam.de/geofon/Pick/20230223141350.197622.449102
CN,KAPO,HHZ,P,2023-02-06T01:29:35.22Z,smi:org.gfz-potsdam.de/geofon/Pick/20230223141350.197704.449103
IA,SKJI,BHZ,P,2023-02-06T01:29:36.2Z,smi:org.gfz-potsdam.de/geofon/Pick/20230223141350.197782.449104
IA,CBJI,BHZ,P,2023-02-06T01:29:33.85Z,smi:org.gfz-potsdam.de/geofon/Pick/20230223141350.197861.449105
IU,BBSR,BHZ,P,2023-02-06T01:29:40.77Z,smi:org.gfz-potsdam.de/geofon/Pick/20230223141350.197946.449106
US,BINY,BHZ,P,2023-02-06T01:29:44.92Z,smi:org.gfz-potsdam.de/geofon/Pick/20230223141350.198056.449107
IA,KPJI,BHZ,P,2023-02-06T01:29:45.05Z,smi:org.gfz-potsdam.de/geofon/Pick/20230223141350.198137.449108
II,FFC,BHZ,P,2023-02-06T01:29:53.97Z,smi:org.gfz-potsdam.de/geofon/Pick/20230223141350.198223.449109
CN,WHY,HHZ,P,2023-02-06T01:29:57.08Z,smi:org.gfz-potsdam.de/geofon/Pick/20230223141350.198305.449110
IU,SSPA,BHZ,P,2023-02-06T01:29:55.62Z,smi:org.gfz-potsdam.de/geofon/Pick/20230223141350.19839.449111
GE,BKB,BHZ,P,2023-02-06T01:29:58.98Z,smi:org.gfz-potsdam.de/geofon/Pick/20230223141350.198468.449112
IA,PWJI,BHZ,P,2023-02-06T01:29:57.98Z,smi:org.gfz-potsdam.de/geofon/Pick/20230223141350.198547.449113
IU,DAV,BHZ,P,2023-02-06T01:30:07.76Z,smi:org.gfz-potsdam.de/geofon/Pick/20230223141350.19866.449114
II,KDAK,BHZ,P,2023-02-06T01:30:11.06Z,smi:org.gfz-potsdam.de/geofon/Pick/20230223141350.198746.449115
G,CRZF,BHZ,P,2023-02-06T01:30:07.56Z,smi:org.gfz-potsdam.de/geofon/Pick/20230223141350.198818.449116
US,AGMN,BHZ,P,2023-02-06T01:30:10.26Z,smi:org.gfz-potsdam.de/geofon/Pick/20230223141350.198915.449117
IA,PMSI,BHZ,P,2023-02-06T01:30:11.79Z,smi:org.gfz-potsdam.de/geofon/Pick/20230223141350.199003.449118
IA,SMSI,BHZ,P,2023-02-06T01:30:12.32Z,smi:org.gfz-potsdam.de/geofon/Pick/20230223141350.199089.449119
IA,IGBI,BHZ,P,2023-02-06T01:30:13.92Z,smi:org.gfz-potsdam.de/geofon/Pick/20230223141350.199171.449120
CU,ANWB,BHZ,P,2023-02-06T01:30:16.74Z,smi:org.gfz-potsdam.de/geofon/Pick/20230223141350.199246.449121
IA,TTSI,BHZ,P,2023-02-06T01:30:13.66Z,smi:org.gfz-potsdam.de/geofon/Pick/20230223141350.199322.449122
WI,DSD,BHZ,P,2023-02-06T01:30:15.47Z,smi:org.gfz-potsdam.de/geofon/Pick/20230223141350.199428.449123
IA,SPSI,BHZ,P,2023-02-06T01:30:16.68Z,smi:org.gfz-potsdam.de/geofon/Pick/20230223141350.199526.449124
NA,SMRT,BHZ,P,2023-02-06T01:30:21.52Z,smi:org.gfz-potsdam.de/geofon/Pick/20230223141350.199621.449125
IA,TMSI,BHZ,P,2023-02-06T01:30:20.37Z,smi:org.gfz-potsdam.de/geofon/Pick/20230223141350.199717.449126
US,TZTN,BHZ,P,2023-02-06T01:30:25.81Z,smi:org.gfz-potsdam.de/geofon/Pick/20230223141350.19981.449127
IA,KKSI,BHZ,P,2023-02-06T01:30:26.03Z,smi:org.gfz-potsdam.de/geofon/Pick/20230223141350.199892.449128
US,ECSD,BHZ,P,2023-02-06T01:30:29.87Z,smi:org.gfz-potsdam.de/geofon/Pick/20230223141350.199987.449129
IU,SJG,BHZ,P,2023-02-06T01:30:30.74Z,smi:org.gfz-potsdam.de/geofon/Pick/20230223141350.200068.449130
CU,GRGR,BHZ,P,2023-02-06T01:30:33.47Z,smi:org.gfz-potsdam.de/geofon/Pick/20230223141350.200142.449131
IA,BBSI,BHZ,P,2023-02-06T01:30:32.07Z,smi:org.gfz-potsdam.de/geofon/Pick/20230223141350.200219.449132
GE,TNTI,BHZ,P,2023-02-06T01:30:36.02Z,smi:org.gfz-potsdam.de/geofon/Pick/20230223141350.200294.449133
US,GOGA,BHZ,P,2023-02-06T01:30:35.25Z,smi:org.gfz-potsdam.de/geofon/Pick/20230223141350.200391.449134
GE,SANI,BHZ,P,2023-02-06T01:30:34.06Z,smi:org.gfz-potsdam.de/geofon/Pick/20230223141350.200485.449135
IU,WVT,BHZ,P,2023-02-06T01:30:37.49Z,smi:org.gfz-potsdam.de/geofon/Pick/20230223141350.200569.449136
IA,AAII,BHZ,P,2023-02-06T01:30:48.31Z,smi:org.gfz-potsdam.de/geofon/Pick/20230223141350.200681.449137
GE,SOEI,BHZ,P,2023-02-06T01:30:49.46Z,smi:org.gfz-potsdam.de/geofon/Pick/20230223141350.20078.449138
BL,PMNB,HHZ,P,2023-02-06T01:31:02.54Z,smi:org.gfz-potsdam.de/geofon/Pick/20230223141350.200932.449140
US,HWUT,BHZ,P,2023-02-06T01:31:02.03Z,smi:org.gfz-potsdam.de/geofon/Pick/20230223141350.201022.449141
BL,CLDB,HHZ,P,2023-02-06T01:31:13.85Z,smi:org.gfz-potsdam.de/geofon/Pick/20230223141350.201103.449142
IU,CCM,BHZ,P,2023-02-06T01:30:37.95Z,smi:org.gfz-potsdam.de/geofon/Pick/20230223141459.870682.449158
IU,RSSD,BHZ,P,2023-02-06T01:30:42.61Z,smi:org.gfz-potsdam.de/geofon/Pick/20230223141459.87102.449159
CU,SDDR,BHZ,P,2023-02-06T01:30:47.1Z,smi:org.gfz-potsdam.de/geofon/Pick/20230223141459.871175.449160
IA,ATNI,BHZ,P,2023-02-06T01:30:48.73Z,smi:org.gfz-potsdam.de/geofon/Pick/20230223141459.871334.449161
GE,VOI,BHZ,P,2023-02-06T01:27:38.41Z,smi:org.gfz-potsdam.de/geofon/Pick/20230223141546.294957.449167
GE,LHMI,BHZ,P,2023-02-06T01:27:59.64Z,smi:org.gfz-potsdam.de/geofon/Pick/20230223141546.295229.449168
GT,LBTB,BHZ,P,2023-02-06T01:28:00.55Z,smi:org.gfz-potsdam.de/geofon/Pick/20230223141546.295357.449169
ES,EADA,BHZ,P,2023-02-06T01:24:07.04Z,smi:org.gfz-potsdam.de/geofon/Pick/20230223141636.247726.449178
IU,KEV,BHZ,P,2023-02-06T01:24:09.84Z,smi:org.gfz-potsdam.de/geofon/Pick/20230223141636.248058.449179
HE,KEV,HHZ,P,2023-02-06T01:24:10.23Z,smi:org.gfz-potsdam.de/geofon/Pick/20230223141636.248246.449180
CN,LLLB,HHZ,P,2023-02-06T01:30:39.88Z,smi:org.gfz-potsdam.de/geofon/Pick/20230223141647.224291.449226
US,MIAR,BHZ,P,2023-02-06T01:30:57.73Z,smi:org.gfz-potsdam.de/geofon/Pick/20230223141749.064979.449232
US,AHID,BHZ,P,2023-02-06T01:30:59.42Z,smi:org.gfz-potsdam.de/geofon/Pick/20230223141749.065286.449233
CW,CCCC,HHZ,P,2023-02-06T01:30:59.07Z,smi:org.gfz-potsdam.de/geofon/Pick/20230223141749.065404.449234
US,HLID,BHZ,P,2023-02-06T01:31:01.09Z,smi:org.gfz-potsdam.de/geofon/Pick/20230223141749.065541.449235
US,ISCO,BHZ,P,2023-02-06T01:31:00.36Z,smi:org.gfz-potsdam.de/geofon/Pick/20230223141749.065682.449236
GE,FAKI,BHZ,P,2023-02-06T01:31:01.76Z,smi:org.gfz-potsdam.de/geofon/Pick/20230223141749.065792.449237
BL,BSCB,HHZ,P,2023-02-06T01:31:00.79Z,smi:org.gfz-potsdam.de/geofon/Pick/20230223141749.0659.449238
US,DUG,BHZ,P,2023-02-06T01:31:12.11Z,smi:org.gfz-potsdam.de/geofon/Pick/20230223141749.066041.449239
US,MVCO,BHZ,P,2023-02-06T01:31:16.46Z,smi:org.gfz-potsdam.de/geofon/Pick/20230223141749.066182.449240
US,MNTX,BHZ,P,2023-02-06T01:31:34.11Z,smi:org.gfz-potsdam.de/geofon/Pick/20230223141800.611508.449244
AU,KNRA,BHZ,P,2023-02-06T01:31:24.13Z,smi:org.gfz-potsdam.de/geofon/Pick/20230223141808.395455.449247
US,NEW,BHZ,P,2023-02-06T01:30:43.48Z,smi:org.gfz-potsdam.de/geofon/Pick/20230223141830.138307.449251
US,WMOK,BHZ,P,2023-02-06T01:31:08.48Z,smi:org.gfz-potsdam.de/geofon/Pick/20230223141843.810226.449254
IA,MPSI,BHZ,P,2023-02-06T01:30:06.17Z,smi:org.gfz-potsdam.de/geofon/Pick/20230223141851.922533.449256
IA,MRSI,BHZ,P,2023-02-06T01:30:12.03Z,smi:org.gfz-potsdam.de/geofon/Pick/20230223141931.875495.449265
IA,LWLI,BHZ,P,2023-02-06T01:29:14.12Z,smi:org.gfz-potsdam.de/geofon/Pick/20230223141956.274971.449270
JP,JTM,BHZ,P,2023-02-06T01:29:20.01Z,smi:org.gfz-potsdam.de/geofon/Pick/20230223142008.124214.449274
IA,BLSI,BHZ,P,2023-02-06T01:29:23.23Z,smi:org.gfz-potsdam.de/geofon/Pick/20230223142127.164964.449288
G,INU,BHZ,P,2023-02-06T01:29:24.09Z,smi:org.gfz-potsdam.de/geofon/Pick/20230223142127.165207.449289
IU,MAJO,BHZ,P,2023-02-06T01:29:24.72Z,smi:org.gfz-potsdam.de/geofon/Pick/20230223142127.165348.449290
IU,HRV,BHZ,P,2023-02-06T01:29:30.57Z,smi:org.gfz-potsdam.de/geofon/Pick/20230223142127.165469.449291
JP,JSG,BHZ,P,2023-02-06T01:29:31.53Z,smi:org.gfz-potsdam.de/geofon/Pick/20230223142127.165611.449292
MY,KKM,BHZ,P,2023-02-06T01:29:31.6Z,smi:org.gfz-potsdam.de/geofon/Pick/20230223142127.165755.449293
IU,COLA,BHZ,P,2023-02-06T01:29:33.37Z,smi:org.gfz-potsdam.de/geofon/Pick/20230223142127.16588.449294
JP,JMZ,BHZ,P,2023-02-06T01:29:32.01Z,smi:org.gfz-potsdam.de/geofon/Pick/20230223142127.166037.449295
IA,TNGI,BHZ,P,2023-02-06T01:29:34.65Z,smi:org.gfz-potsdam.de/geofon/Pick/20230223142127.166155.449296
IU,YSS,BHZ,P,2023-02-06T01:29:05.16Z,smi:org.gfz-potsdam.de/geofon/Pick/20230223142138.588443.449300
JP,JSU,BHZ,P,2023-02-06T01:29:10.61Z,smi:org.gfz-potsdam.de/geofon/Pick/20230223142526.2805.449325
CN,INK,HHZ,P,2023-02-06T01:29:13.11Z,smi:org.gfz-potsdam.de/geofon/Pick/20230223142526.280717.449326
GE,PMBI,BHZ,P,2023-02-06T01:29:10.24Z,smi:org.gfz-potsdam.de/geofon/Pick/20230223142526.280801.449327
JP,JOW,BHZ,P,2023-02-06T01:29:17.09Z,smi:org.gfz-potsdam.de/geofon/Pick/20230223142526.280903.449328
JP,JMN,BHZ,P,2023-02-06T01:29:17.73Z,smi:org.gfz-potsdam.de/geofon/Pick/20230223142526.280997.449329
JP,JGF,BHZ,P,2023-02-06T01:29:24.65Z,smi:org.gfz-potsdam.de/geofon/Pick/20230223142546.121527.449333
IN,MNC,HHZ,P,2023-02-06T01:25:40.2Z,smi:org.gfz-potsdam.de/geofon/Pick/20230223142612.584496.449342
GE,WIN,BHZ,P,2023-02-06T01:27:58.02Z,smi:org.gfz-potsdam.de/geofon/Pick/20230223143518.682257.449480
TW,NACB,BHZ,P,2023-02-06T01:28:56.22Z,smi:org.gfz-potsdam.de/geofon/Pick/20230223143518.682776.449481
JP,YOJ,BHZ,P,2023-02-06T01:29:03.94Z,smi:org.gfz-potsdam.de/geofon/Pick/20230223143518.682932.449482
JP,JKA,BHZ,P,2023-02-06T01:29:14.27Z,smi:org.gfz-potsdam.de/geofon/Pick/20230223143518.683078.449483
IA,MDSI,BHZ,P,2023-02-06T01:29:11.91Z,smi:org.gfz-potsdam.de/geofon/Pick/20230223143518.683183.449484
II,ERM,BHZ,P,2023-02-06T01:29:24.56Z,smi:org.gfz-potsdam.de/geofon/Pick/20230223143518.683322.449485
IA,LEM,BHZ,P,2023-02-06T01:29:39.24Z,smi:org.gfz-potsdam.de/geofon/Pick/20230223143518.68347.449486
IA,CMJI,BHZ,P,2023-02-06T01:29:44.27Z,smi:org.gfz-potsdam.de/geofon/Pick/20230223143518.683588.449487
GE,SMRI,BHZ,P,2023-02-06T01:29:53.35Z,smi:org.gfz-potsdam.de/geofon/Pick/20230223143518.683688.449488
IA,YOGI,BHZ,P,2023-02-06T01:29:53.82Z,smi:org.gfz-potsdam.de/geofon/Pick/20230223143518.683794.449489
IA,PCJI,BHZ,P,2023-02-06T01:30:00.44Z,smi:org.gfz-potsdam.de/geofon/Pick/20230223143518.683906.449490
IA,BLJI,BHZ,P,2023-02-06T01:30:04.58Z,smi:org.gfz-potsdam.de/geofon/Pick/20230223143518.684015.449491
IA,ABJI,BHZ,P,2023-02-06T01:30:08.08Z,smi:org.gfz-potsdam.de/geofon/Pick/20230223143518.684116.449492
IA,BYJI,BHZ,P,2023-02-06T01:30:10.68Z,smi:org.gfz-potsdam.de/geofon/Pick/20230223143518.684211.449493
WI,TDBA,HHZ,P,2023-02-06T01:30:22.21Z,smi:org.gfz-potsdam.de/geofon/Pick/20230223143518.684375.449494
NA,SEUS,BHZ,P,2023-02-06T01:30:23.54Z,smi:org.gfz-potsdam.de/geofon/Pick/20230223143518.684526.449495
WI,ILAM,BHZ,P,2023-02-06T01:30:23.33Z,smi:org.gfz-potsdam.de/geofon/Pick/20230223143518.68466.449496
IA,MGAI,BHZ,P,2023-02-06T01:30:24.46Z,smi:org.gfz-potsdam.de/geofon/Pick/20230223143518.684768.449497
IA,BKSI,BHZ,P,2023-02-06T01:30:22.64Z,smi:org.gfz-potsdam.de/geofon/Pick/20230223143518.684879.449498
IA,LBMI,BHZ,P,2023-02-06T01:30:35.72Z,smi:org.gfz-potsdam.de/geofon/Pick/20230223143518.685007.449499
IA,EDFI,BHZ,P,2023-02-06T01:30:39.13Z,smi:org.gfz-potsdam.de/geofon/Pick/20230223143518.685101.449500
IA,BASI,BHZ,P,2023-02-06T01:30:39.36Z,smi:org.gfz-potsdam.de/geofon/Pick/20230223143518.685203.449501
GE,MMRI,BHZ,P,2023-02-06T01:30:41.8Z,smi:org.gfz-potsdam.de/geofon/Pick/20230223143518.685298.449502
IA,NLAI,BHZ,P,2023-02-06T01:30:44.52Z,smi:org.gfz-potsdam.de/geofon/Pick/20230223143518.685395.449503
CW,MASC,HHZ,P,2023-02-06T01:30:52.22Z,smi:org.gfz-potsdam.de/geofon/Pick/20230223143518.685478.449504
IU,GUMO,BHZ,P,2023-02-06T01:31:00.58Z,smi:org.gfz-potsdam.de/geofon/Pick/20230223143518.685597.449505
IA,SRPI,BHZ,P,2023-02-06T01:31:14.13Z,smi:org.gfz-potsdam.de/geofon/Pick/20230223143518.685735.449506
BL,PCMB,HHZ,P,2023-02-06T01:31:29.38Z,smi:org.gfz-potsdam.de/geofon/Pick/20230223143518.685835.449507
